Workbook

Sheet Part 1
A1: IdPeritoOriginale | B1: TipoPersona | C1: TipoPerito | D1: IdPerito | E1: OperativitaSol | F1: NOME | G1: CognomeRagSoc | H1: Sesso | I1: PartitaIva | J1: CodiceFiscale | K1: Categoria | L1: Citta | M1: Provincia | N1: CAP | O1: INDIRIZZO | P1: Telefono | Q1: Cellulare | R1: Fax | S1: Mail1 | T1: MailPec | U1: DataInizioAlbo | V1: DataFineAlbo | W1: FlagAlbo | X1: CldPrimario | Y1: FatturazioneProvincia | Z1: FatturazioneCitta | AA1: FatturazioneIndirizzo | AB1: FatturazioneCap | AC1: FatturazioneRegioneSociale | AD1: FatturazioneTipoPersona | AE1: CodiceProfessione | AF1: IBAN | AG1: RegimeFiscale
A2: 0001 | B2: 1 - PERSONA FISICA | C2: 1 - AUTO | E2: 0 - NO | F2: MARCO | G2: BRANCATO | H2: M - MASCHIO | I2: 08180140017 | J2: BRNMCG75R26L219P | K2: 1 - AUTO | L2: C860 - COLLEGNO | M2: TO | N2: 10093 | O2: VIA M. BUONARROTI 1 | Q2: 3498115187 | R2: 011748395 | S2: INFO@MARCOBRANCATO.IT | U2: 01/01/1900 | V2: 08/10/2018 | W2: 0 - NO | Y2: TO | Z2: C860 - COLLEGNO | AA2: VIA M. BUONARROTI 1 | AB2: 10093 | AC2: BRANCATO | AD2: 1 - PERSONA FISICA | AE2: 10 - Perito Auto | AF2: IT98T0200801127000020040661 | AG2: 25 - Soggetto a sola IVA 22
A3: 0002 | B3: 1 - PERSONA FISICA | C3: 1 - AUTO | E3: 0 - NO | F3: ANDREA | G3: RIZZO | H3: F - FEMMINA | K3: 1 - AUTO | L3: L219 - TORINO | M3: TO | N3: 10141 | O3: VIA CARDINALE FOSSATI, 6 | R3: 01119826963 | S3: INFO@STUDIOANDREARIZZO.COM | U3: 01/01/1900 | V3: 13/01/2025 | W3: 0 - NO | Y3: TO | Z3: L219 - TORINO | AA3: VIA CARDINALE FOSSATI, 6 | AB3: 10141 | AC3: RIZZO | AD3: 1 - PERSONA FISICA | AE3: 10 - Perito Auto | AF3: IT70W0623001130000035642616 | AG3: 25 - Soggetto a sola IVA 22
A4: 0006 | B4: 0 - PERSONA GIURIDICA | C4: 1 - AUTO | E4: 0 - NO | G4: TORRISI | H4: S - SOCIETA | I4: 01932960022 | J4: 01932960022 | K4: 1 - AUTO | L4: A859 - BIELLA | M4: BI | N4: 13900 | O4: VIA PIETRO MICCA 31/D | U4: 01/11/2012 | V4: 31/12/2018 | W4: 0 - NO | Y4: BI | Z4: A859 - BIELLA | AA4: VIA PIETRO MICCA 31/D | AB4: 13900 | AC4: TORRISI | AD4: 0 - PERSONA GIURIDICA | AE4: 10 - Perito Auto | AF4: IT41G0326822303052932988620
A5: 003 | B5: 0 - PERSONA GIURIDICA | E5: 0 - NO | G5: FEDERPERITIGEST S.R.L. | H5: S - SOCIETA | I5: 02131920189 | L5: A473 - ASSAGO | M5: MI | N5: 20090 | O5: MILANO FIORI STRADA 1, PALAZZO F1 | R5: 800801662 | S5: INCARICHI@FEDERPERITIGEST.IT | U5: 01/01/1900 | V5: 31/01/1990 | W5: 0 - NO | Y5: MI | Z5: A473 - ASSAGO | AA5: MILANO FIORI STRADA 1, PALAZZO F1 | AB5: 20090 | AC5: FEDERPERITIGEST S.R.L. | AD5: 0 - PERSONA GIURIDICA | AF5: IT67O0306933684100000003505
A6: 004 | B6: 0 - PERSONA GIURIDICA | E6: 0 - NO | G6: CREMONA STIME SRL | H6: S - SOCIETA | I6: 01247820192 | U6: 02/02/2006 | V6: 31/12/2017 | W6: 0 - NO | AC6: CREMONA STIME SRL | AD6: 0 - PERSONA GIURIDICA | AF6: IT05V0350011403000000022222
A7: 005 | B7: 0 - PERSONA GIURIDICA | E7: 0 - NO | G7: GRUPPO DI LAVORO IN UN INTERNO SRL | H7: S - SOCIETA | I7: 12648430150 | L7: F205 - MILANO | M7: MI | N7: 20121 | O7: VIA SENATO 18 | R7: 0276006892 | U7: 01/01/1900 | V7: 31/12/1990 | W7: 0 - NO | Y7: MI | Z7: F205 - MILANO | AA7: VIA SENATO 18 | AB7: 20121 | AC7: GRUPPO DI LAVORO IN UN INTERNO SRL | AD7: 0 - PERSONA GIURIDICA | AF7: IT60V0504856070000000001477
A8: 007 | B8: 0 - PERSONA GIURIDICA | E8: 0 - NO | G8: DE ANGELI DANIELE | H8: S - SOCIETA | I8: 00690290085 | L8: E290 - IMPERIA | M8: IM | N8: 18100 | O8: VIA FOCE 60 | R8: 1782710985 | S8: DANIELE. | U8: 01/07/2012 | V8: 31/12/2020 | W8: 0 - NO | Y8: IM | Z8: E290 - IMPERIA | AA8: VIA FOCE 60 | AB8: 18100 | AC8: DE ANGELI DANIELE | AD8: 0 - PERSONA GIURIDICA | AF8: IT45K0200810502000100273016
A9: 008 | B9: 1 - PERSONA FISICA | E9: 0 - NO | F9: MASSIMO | G9: GATTI | H9: M - MASCHIO | I9: 01011960992 | L9: C621 - CHIAVARI | M9: GE | N9: 16043 | O9: VIA VENETO 10/2 | S9: PERITOGATTI@LIBERO.IT | U9: 01/07/2012 | V9: 31/12/2021 | W9: 0 - NO | Y9: GE | Z9: C621 - CHIAVARI | AA9: VIA VENETO 10/2 | AB9: 16043 | AC9: GATTI | AD9: 1 - PERSONA FISICA | AF9: IT92U0552632010000000011480
A10: 009 | B10: 0 - PERSONA GIURIDICA | E10: 0 - NO | G10: STRATTA | H10: S - SOCIETA | I10: 10206540014 | L10: E379 - IVREA | M10: TO | N10: 10015 | O10: VIA AOSTA 67 | R10: 012549158 | U10: 01/07/2012 | V10: 06/06/2023 | W10: 0 - NO | Y10: TO | Z10: E379 - IVREA | AA10: VIA AOSTA 67 | AB10: 10015 | AC10: STRATTA | AD10: 0 - PERSONA GIURIDICA | AF10: IT61G0306931570100000019012
A11: 010 | B11: 0 - PERSONA GIURIDICA | E11: 0 - NO | G11: ED ENGINEERING DATA SRL | H11: S - SOCIETA | I11: 05425530010 | L11: L219 - TORINO | M11: TO | N11: 10128 | O11: VIA GIANBATTISTA VICO 21 | S11: TRASPERIZIE@ENGINEERINGDATA.IT | U11: 01/01/1900 | V11: 05/06/2023 | W11: 0 - NO | Y11: TO | Z11: L219 - TORINO | AA11: VIA GIANBATTISTA VICO 21 | AB11: 10128 | AC11: ED ENGINEERING DATA SRL | AD11: 0 - PERSONA GIURIDICA | AF11: IT20H0315901000801570150006
A12: 011 | B12: 0 - PERSONA GIURIDICA | E12: 0 - NO | F12: ENRICO | G12: ABRATE ENRICO | H12: S - SOCIETA | I12: 03192540049 | J12: BRTNRC86E161470Z | L12: I470 - SAVIGLIANO | M12: CN | N12: 12038 | O12: VIA TRENTO, 14 | U12: 01/01/1900 | V12: 06/06/2023 | W12: 0 - NO | Y12: CN | Z12: I470 - SAVIGLIANO | AA12: VIA TRENTO, 14 | AB12: 12038 | AC12: ABRATE ENRICO | AD12: 0 - PERSONA GIURIDICA
A13: 012 | B13: 0 - PERSONA GIURIDICA | E13: 0 - NO | F13: GIACOMO | G13: AGNELLI GIACOMO | H13: S - SOCIETA | I13: 01422820330 | J13: GNLGCM75T30G535A | L13: C053 - CASTEGGIO | M13: PV | N13: 27045 | O13: VIA TORINO, 17 | U13: 01/01/1900 | V13: 06/06/2023 | W13: 0 - NO | Y13: PV | Z13: C053 - CASTEGGIO | AA13: VIA TORINO, 17 | AB13: 27045 | AC13: AGNELLI GIACOMO | AD13: 0 - PERSONA GIURIDICA
A14: 013 | B14: 0 - PERSONA GIURIDICA | E14: 0 - NO | F14: PAOLA | G14: ARCHETTI PAOLA | H14: S - SOCIETA | I14: 03242440984 | J14: RCHPLA81L45B157G | L14: F672 - MONTICELLI BRUSATI | M14: BS | N14: 25040 | O14: VIA SAN FRANCESCO D'ASSISI, 48 | U14: 01/01/1900 | V14: 06/06/2023 | W14: 0 - NO | Y14: BS | Z14: F672 - MONTICELLI BRUSATI | AA14: VIA SAN FRANCESCO D'ASSISI, 48 | AB14: 25040 | AC14: ARCHETTI PAOLA | AD14: 0 - PERSONA GIURIDICA
A15: 014 | B15: 1 - PERSONA FISICA | E15: 0 - NO | F15: LUCA | G15: ASCANI | H15: M - MASCHIO | I15: 01482310552 | J15: SCNLCU85M27L117E | L15: A439 - ARRONE | M15: TR | N15: 05031 | O15: VOC.NASCIOLO, 13 | S15: P.LUCA.ASCANI@GMAIL.COM | U15: 01/01/1900 | V15: 06/06/2023 | W15: 0 - NO | Y15: TR | Z15: A439 - ARRONE | AA15: VOC.NASCIOLO, 13 | AB15: 05031 | AC15: ASCANI | AD15: 1 - PERSONA FISICA | AF15: IT27E0631572681000080000072
A16: 015 | B16: 0 - PERSONA GIURIDICA | E16: 0 - NO | F16: CAFFI | G16: AVOGADRI CAFFI | H16: S - SOCIETA | I16: 01545600197 | L16: I827 - SONCINO | M16: CR | N16: 26029 | O16: VIA REGINA DELLA SCALA 134A | U16: 01/01/1900 | V16: 06/06/2023 | W16: 0 - NO | Y16: CR | Z16: I827 - SONCINO | AA16: VIA REGINA DELLA SCALA 134A | AB16: 26029 | AC16: AVOGADRI CAFFI | AD16: 0 - PERSONA GIURIDICA
A17: 016 | B17: 0 - PERSONA GIURIDICA | E17: 0 - NO | F17: ANGELO | G17: BALDIRAGHI ANGELO | H17: S - SOCIETA | I17: 00997970181 | J17: BLDNGL43421G388I | L17: B824 - CURA CARPIGNANO | M17: PV | N17: 27010 | O17: VIA VOLTA, 33 | U17: 01/01/1900 | V17: 06/06/2023 | W17: 0 - NO | Y17: PV | Z17: B824 - CURA CARPIGNANO | AA17: VIA VOLTA, 33 | AB17: 27010 | AC17: BALDIRAGHI ANGELO | AD17: 0 - PERSONA GIURIDICA
A18: 017 | B18: 0 - PERSONA GIURIDICA | E18: 0 - NO | F18: RICCARDO | G18: BALDUCCI RICCARDO | H18: S - SOCIETA | I18: 01382970398 | J18: BLDRCR66H07D829B | L18: D829 - FUSIGNANO | M18: RA | N18: 48010 | O18: VIA MARTELLI, 12, | U18: 01/01/1900 | V18: 06/06/2023 | W18: 0 - NO | Y18: RA | Z18: D829 - FUSIGNANO | AA18: VIA MARTELLI, 12, | AB18: 48010 | AC18: BALDUCCI RICCARDO | AD18: 0 - PERSONA GIURIDICA
A19: 018 | B19: 0 - PERSONA GIURIDICA | E19: 0 - NO | F19: GIANCARLO | G19: BALESTRERI GIANCARLO | H19: S - SOCIETA | I19: 00908340193 | J19: BLSGCR62E30D50M | L19: I790 - SOLAROLO RAINERIO | M19: CR | N19: 26030 | O19: VIA GIUSEPPINA, 24 | U19: 01/01/1900 | V19: 06/06/2023 | W19: 0 - NO | Y19: CR | Z19: I790 - SOLAROLO RAINERIO | AA19: VIA GIUSEPPINA, 24 | AB19: 26030 | AC19: BALESTRERI GIANCARLO | AD19: 0 - PERSONA GIURIDICA
A20: 019 | B20: 1 - PERSONA FISICA | E20: 0 - NO | F20: LAURO | G20: BALLANI | H20: M - MASCHIO | J20: BLLLRA61S21E240A | L20: G782 - POLESELLA | M20: RO | N20: 45038 | O20: VIA FANTATI 19 | Q20: 3487849822 | U20: 01/01/1900 | V20: 06/06/2023 | W20: 0 - NO | Y20: RO | Z20: G782 - POLESELLA | AA20: VIA FANTATI 19 | AB20: 45038 | AC20: BALLANI | AD20: 1 - PERSONA FISICA | AF20: IT93M062256342007400793445S
A21: 020 | B21: 1 - PERSONA FISICA | E21: 0 - NO | F21: DAMASO | G21: BARBAGALLO | H21: M - MASCHIO | J21: BRBDMS71B08E017M | L21: E017 - GIARRE | M21: CT | N21: 95014 | O21: VIA GERARDO MARRONE 21 | S21: DAMASO_BARBA@YAHOO.COM | U21: 01/01/1900 | V21: 06/06/2023 | W21: 0 - NO | Y21: CT | Z21: E017 - GIARRE | AA21: VIA GERARDO MARRONE 21 | AB21: 95014 | AC21: BARBAGALLO | AD21: 1 - PERSONA FISICA
A22: 02019493 | B22: 1 - PERSONA FISICA | E22: 0 - NO | F22: MARGARETH | G22: DIGRANDI MARGARETH | H22: F - FEMMINA | I22: 06030620014 | J22: DGRMGR72E56F205G | L22: F205 - MILANO | M22: MI | N22: 20143 | O22: VIA S.G. COTTOLENGO, 7 | S22: margarethdigrandi@yahoo.it | U22: 17/07/2003 | V22: 01/10/2018 | W22: 0 - NO | Y22: MI | Z22: F205 - MILANO | AA22: VIA S.G. COTTOLENGO, 7 | AB22: 20143 | AC22: DIGRANDI MARGARETH | AD22: 1 - PERSONA FISICA | AF22: IT58Q0306909540000000167781
A23: 021 | B23: 1 - PERSONA FISICA | E23: 0 - NO | F23: ANDREA | G23: BARBETTA | J23: BRBNDR90E10D442D | L23: G224 - PADOVA | M23: PD | N23: 35040 | O23: VIA PAPA LUCIANI, 19 | U23: 01/01/1900 | V23: 06/06/2023 | W23: 0 - NO | Y23: PD | Z23: G224 - PADOVA | AA23: VIA PAPA LUCIANI, 19 | AB23: 35040 | AC23: BARBETTA | AD23: 1 - PERSONA FISICA | AF23: IT87Y0622562560100000007754
A24: 0214 | B24: 1 - PERSONA FISICA | E24: 0 - NO | F24: ALESSANDRA | G24: CALASCIBETTA | H24: F - FEMMINA | I24: 09307440017 | J24: CLSLSN74B44L219G | L24: L219 - TORINO | M24: TO | N24: 10126 | O24: VIA FEDERICO MENABREA 1 | S24: AVV.ALESSANDRACALASCIBETTA@OUTLOOK.COM | U24: 01/01/1900 | V24: 05/11/2021 | W24: 0 - NO | Y24: TO | Z24: L219 - TORINO | AA24: VIA FEDERICO MENABREA 1 | AB24: 10126 | AC24: CALASCIBETTA | AD24: 1 - PERSONA FISICA | AF24: IT17S0853001000000260106712 | AG24: 30 - Soggetto a IVA 22, R.A. e 4% Cassa Non Esente
A25: 0215 | B25: 1 - PERSONA FISICA | C25: 5 - LEGALE | E25: 0 - NO | F25: CLAUDIA | G25: BARONI | H25: F - FEMMINA | I25: 01800020990 | J25: BRNCLD80P48D969M | K25: 5 - LEGALE | L25: D969 - GENOVA | M25: GE | N25: 16128 | O25: CORSO AURELIO SAFFI 3/2 | Q25: 338.7063127 | S25: AVV.CLAUDIA.BARONI@GMAIL.COM | U25: 01/01/1900 | V25: 29/03/2022 | W25: 0 - NO | Y25: GE | Z25: D969 - GENOVA | AA25: CORSO AURELIO SAFFI 3/2 | AB25: 16128 | AC25: BARONI | AD25: 1 - PERSONA FISICA | AE25: 50 - Legali Fiduciari | AF25: IT50B0200801411000100333784 | AG25: 43 - NO SOGGETTO A R.A., NO IVA ART. 7, 4% CASSA ESENTE
A26: 0217 | B26: 1 - PERSONA FISICA | E26: 0 - NO | F26: IACOPO | G26: REBECCHI | H26: M - MASCHIO | J26: RBCCPI76P16B110U | L26: E897 - MANTOVA | M26: MN | N26: 46100 | O26: VIALE DELLA REPUBBLICA 17 | S26: AVV.REBECCHI@STUDIO-POLACCO.IT | U26: 01/01/1900 | V26: 31/12/2024 | W26: 0 - NO | Y26: MN | Z26: E897 - MANTOVA | AA26: VIALE DELLA REPUBBLICA 17 | AB26: 46100 | AC26: REBECCHI | AD26: 1 - PERSONA FISICA | AF26: IT68V0329601601000066453235
A27: 0218 | B27: 1 - PERSONA FISICA | C27: 5 - LEGALE | E27: 0 - NO | F27: FERNANDO | G27: BROGNA | H27: M - MASCHIO | I27: 03952190613 | J27: BRGFNN69H11F839E | K27: 5 - LEGALE | L27: B715 - CAPUA | M27: CE | N27: 81043 | O27: VIA VILLA VELLA 2 | S27: FERNANDO.BROGNA@VIRGILIO.IT | T27: FERNANDO.BROGNA@AVVOCATISMCV.IT | U27: 01/01/1900 | V27: 31/12/9999 | W27: 0 - NO | Y27: CE | Z27: B715 - CAPUA | AA27: VIA VILLA VELLA 2 | AB27: 81043 | AC27: BROGNA | AD27: 1 - PERSONA FISICA | AE27: 50 - Legali Fiduciari | AF27: IT52T0101074820100000004086 | AG27: 30 - Soggetto a IVA 22, R.A. e 4% Cassa Non Esente
A28: 022 | B28: 0 - PERSONA GIURIDICA | E28: 0 - NO | F28: FABRIZIO | G28: BARBIERI FABRIZIO | H28: S - SOCIETA | I28: 01108690296 | J28: BRBFRZ49S25I480W | L28: A059 - ADRIA | M28: RO | N28: 45011 | O28: VIA SAN VINCENZO DE PAOLI, 5/A | U28: 01/01/1900 | V28: 06/06/2023 | W28: 0 - NO | Y28: RO | Z28: A059 - ADRIA | AA28: VIA SAN VINCENZO DE PAOLI, 5/A | AB28: 45011 | AC28: BARBIERI FABRIZIO | AD28: 0 - PERSONA GIURIDICA
A29: 0222 | B29: 1 - PERSONA FISICA | E29: 0 - NO | F29: ANTONIO | G29: NEVOLA | H29: M - MASCHIO | I29: 07249520631 | J29: NVLNTN72A18F839R | L29: F839 - NAPOLI | M29: NA | N29: 80145 | O29: VIALE A. GRAMSCI 23 | Q29: 335.5444075 | S29: A.NEVOLA@STUDIOGIAQUINTO.IT | U29: 01/01/1900 | V29: 31/12/9999 | W29: 0 - NO | Y29: NA | Z29: F839 - NAPOLI | AA29: VIALE A. GRAMSCI 23 | AB29: 80145 | AC29: NEVOLA | AD29: 1 - PERSONA FISICA | AF29: IT67W0200803462000103625209 | AG29: 43 - NO SOGGETTO A R.A., NO IVA ART. 7, 4% CASSA ESENTE
A30: 0224 | B30: 0 - PERSONA GIURIDICA | C30: 1 - AUTO | E30: 0 - NO | G30: STUDIO SANTOVITO SNC | H30: S - SOCIETA | I30: 06035251211 | K30: 1 - AUTO | L30: B759 - CARDITO | M30: NA | N30: 80024 | O30: VIA P DONADIO 181 | R30: 081 19723315 | S30: PERIZIESANTOVITO@GMAIL.COM | U30: 01/01/1900 | V30: 01/03/2018 | W30: 0 - NO | Y30: NA | Z30: B759 - CARDITO | AA30: VIA P DONADIO 181 | AB30: 80024 | AC30: STUDIO SANTOVITO SNC | AD30: 0 - PERSONA GIURIDICA | AE30: 10 - Perito Auto | AF30: IT12Y0558403400000000000860
A31: 0227 | B31: 1 - PERSONA FISICA | C31: 5 - LEGALE | E31: 0 - NO | F31: ALESSANDRO | G31: BIANCHI | H31: M - MASCHIO | I31: 07052260010 | J31: BNCLSN67L19L219K | K31: 5 - LEGALE | L31: L219 - TORINO | M31: TO | N31: 10128 | O31: VIA LUIGI COLLI 3 | Q31: 335.5311134 | S31: AVVOCATOALESSANDROBIANCHI@GMAIL.COM | T31: ALESSANDROBIANCHI@PEC.ORDINEAVVOCATITORINO.IT | U31: 01/01/1900 | V31: 31/12/9999 | W31: 0 - NO | Y31: TO | Z31: L219 - TORINO | AA31: VIA LUIGI COLLI 3 | AB31: 10128 | AC31: BIANCHI | AD31: 1 - PERSONA FISICA | AE31: 50 - Legali Fiduciari | AF31: IT85Y0344001000000000318000 | AG31: 43 - NO SOGGETTO A R.A., NO IVA ART. 7, 4% CASSA ESENTE
A32: 0228 | B32: 1 - PERSONA FISICA | C32: 5 - LEGALE | E32: 0 - NO | F32: FRANCESCO PAOLO | G32: MOLINELLI | H32: M - MASCHIO | I32: 05395790826 | J32: MLNFNC78H24G273Y | K32: 5 - LEGALE | L32: G273 - PALERMO | M32: PA | N32: 90139 | O32: VIA ALFONSO BORRELLI N. 4 | Q32: 3288361457 | R32: 091 8040223 | S32: STUDIOMOLINELLI@OUTLOOK.COM | U32: 01/01/1900 | V32: 31/12/9999 | W32: 0 - NO | Y32: PA | Z32: G273 - PALERMO | AA32: VIA ALFONSO BORRELLI N. 4 | AB32: 90139 | AC32: MOLINELLI | AD32: 1 - PERSONA FISICA | AE32: 50 - Legali Fiduciari | AF32: IT40Z0301503200000000377904 | AG32: 30 - Soggetto a IVA 22, R.A. e 4% Cassa Non Esente
A33: 023 | B33: 1 - PERSONA FISICA | E33: 0 - NO | F33: ENRICO | G33: BARBINI | J33: BRBNRC61C11L359C | L33: L359 - TRECENTA | M33: RO | N33: 45027 | O33: VIA S. FRANCESCO, 54 | U33: 01/01/1900 | V33: 06/06/2023 | W33: 0 - NO | Y33: RO | Z33: L359 - TRECENTA | AA33: VIA S. FRANCESCO, 54 | AB33: 45027 | AC33: BARBINI | AD33: 1 - PERSONA FISICA
A34: 0230 | B34: 0 - PERSONA GIURIDICA | E34: 0 - NO | G34: PERITO ESTERNO AUTHOITALIA | H34: S - SOCIETA | I34: 11059320017 | J34: 11059320017 | L34: L219 - TORINO | M34: TO | N34: 10121 | O34: CORSO VINZAGLIO, 9 | S34: INCARICHI.NOBIS@AUTHOITALIA.IT | U34: 01/01/1900 | V34: 31/12/2021 | W34: 0 - NO | Y34: TO | Z34: L219 - TORINO | AA34: CORSO VINZAGLIO, 9 | AB34: 10121 | AC34: PERITO ESTERNO AUTHOITALIA | AD34: 0 - PERSONA GIURIDICA | AF34: IT77B0326830110052310012171 | AG34: 25 - Soggetto a sola IVA 22
A35: 0233 | B35: 1 - PERSONA FISICA | E35: 0 - NO | F35: GIUSY | G35: IRRERA | H35: F - FEMMINA | I35: 03154310837 | J35: RRRGSY77D52F158P | L35: F158 - MESSINA | M35: ME | N35: 98123 | O35: VIA G. LA FARINA 165 | R35: 090-2924092 | S35: GIUSYIRRERA@HOTMAIL.IT | U35: 01/01/1900 | V35: 25/03/2021 | W35: 0 - NO | Y35: ME | Z35: F158 - MESSINA | AA35: VIA G. LA FARINA 165 | AB35: 98123 | AC35: IRRERA | AD35: 1 - PERSONA FISICA | AF35: IT11T0200816530000101656893 | AG35: 25 - Soggetto a sola IVA 22
A36: 0234 | B36: 1 - PERSONA FISICA | C36: 4 - MEDICO | E36: 0 - NO | F36: GIAN LUCA | G36: BRUNO | H36: M - MASCHIO | I36: 01518740053 | J36: BRNGLC61A28L219V | K36: 4 - MEDICO | L36: L219 - TORINO | M36: TO | N36: 10121 | O36: CORSO GALILEO FERRARIS 2 | Q36: 3938338585 | S36: VALENTINA@SMLBRUNO.IT | U36: 01/01/1900 | V36: 31/12/9999 | W36: 0 - NO | Y36: TO | Z36: L219 - TORINO | AA36: CORSO GALILEO FERRARIS 2 | AB36: 10121 | AC36: BRUNO | AD36: 1 - PERSONA FISICA | AE36: 40 - Medici Privati | AF36: IT62T0608501004000000022277 | AG36: 28 - Soggetto a IVA 22 e Ritenuta d'Acconto
A37: 024 | B37: 0 - PERSONA GIURIDICA | E37: 0 - NO | F37: RENATO | G37: BASAGLIA RENATO | H37: S - SOCIETA | I37: 02073220200 | J37: BSGRNT46L29H771G | L37: E897 - MANTOVA | M37: MN | N37: 46100 | O37: VIA DEGLI SPALTI, 12 | U37: 01/01/1900 | V37: 06/06/2023 | W37: 0 - NO | Y37: MN | Z37: E897 - MANTOVA | AA37: VIA DEGLI SPALTI, 12 | AB37: 46100 | AC37: BASAGLIA RENATO | AD37: 0 - PERSONA GIURIDICA
A38: 0241 | B38: 1 - PERSONA FISICA | C38: 5 - LEGALE | E38: 0 - NO | F38: RAFFAELE | G38: NAPOLITANO | H38: M - MASCHIO | I38: 05569051211 | J38: NPLRFL75H13F839T | K38: 5 - LEGALE | L38: G795 - POLLENA TROCCHIA | M38: NA | N38: 80040 | O38: VIA S. TRINCHERA 28 | S38: AVV.RAFFAELENAPOLITANO@GMAIL.COM | U38: 01/01/1900 | V38: 31/12/9999 | W38: 0 - NO | Y38: NA | Z38: G795 - POLLENA TROCCHIA | AA38: VIA S. TRINCHERA 28 | AB38: 80040 | AC38: NAPOLITANO | AD38: 1 - PERSONA FISICA | AE38: 50 - Legali Fiduciari | AF38: IT07H0306234210000001464674 | AG38: 30 - Soggetto a IVA 22, R.A. e 4% Cassa Non Esente
A39: 0242 | B39: 1 - PERSONA FISICA | C39: 5 - LEGALE | E39: 0 - NO | F39: ANTONIO | G39: LIVERANI | H39: M - MASCHIO | I39: 11974071000 | J39: LVRNTN58T26L219H | K39: 5 - LEGALE | L39: H501 - ROMA | M39: RM | N39: 00189 | O39: VIA CASSIA 555 | Q39: 3358277804 | S39: ANT.LIVERANI@GMAIL.COM | U39: 01/01/1900 | V39: 31/12/9999 | W39: 0 - NO | Y39: RM | Z39: H501 - ROMA | AA39: VIA CASSIA 555 | AB39: 00189 | AC39: LIVERANI | AD39: 1 - PERSONA FISICA | AE39: 50 - Legali Fiduciari | AF39: IT71G0760103200001009884410 | AG39: 30 - Soggetto a IVA 22, R.A. e 4% Cassa Non Esente
A40: 0249 | B40: 0 - PERSONA GIURIDICA | E40: 0 - NO | G40: AUTHOITALIA SRL | H40: S - SOCIETA | I40: 11059320017 | J40: 11059320017 | L40: L219 - TORINO | M40: TO | N40: 10121 | O40: CORSO VINZAGLIO, 9 | Q40: 3343977276 | S40: AUTHORITY@AUTHOITALIA.IT | U40: 01/01/1900 | V40: 31/12/2021 | W40: 0 - NO | Y40: TO | Z40: L219 - TORINO | AA40: CORSO VINZAGLIO, 9 | AB40: 10121 | AC40: AUTHOITALIA SRL | AD40: 0 - PERSONA GIURIDICA | AF40: IT77B0326830110052310012171 | AG40: 25 - Soggetto a sola IVA 22
A41: 025 | B41: 0 - PERSONA GIURIDICA | E41: 0 - NO | F41: FIORELLA | G41: BELLI FIORELLA | H41: S - SOCIETA | I41: 01276120555 | J41: BLLFLL75P44F844G | L41: G189 - OTRICOLI | M41: TR | N41: 05030 | O41: VIA PARETI, 47 | U41: 01/01/1900 | V41: 06/06/2023 | W41: 0 - NO | Y41: TR | Z41: G189 - OTRICOLI | AA41: VIA PARETI, 47 | AB41: 05030 | AC41: BELLI FIORELLA | AD41: 0 - PERSONA GIURIDICA
A42: 026 | B42: 0 - PERSONA GIURIDICA | E42: 0 - NO | F42: NICOLA | G42: BENINI NICOLA | H42: S - SOCIETA | I42: 02692450238 | J42: BNNNCL67R25H783Q | L42: L781 - VERONA | M42: VR | N42: 37032 | O42: Q.RE S. PERTINI, 2 | U42: 01/01/1900 | V42: 06/06/2023 | W42: 0 - NO | Y42: VR | Z42: L781 - VERONA | AA42: Q.RE S. PERTINI, 2 | AB42: 37032 | AC42: BENINI NICOLA | AD42: 0 - PERSONA GIURIDICA
A43: 027 | B43: 0 - PERSONA GIURIDICA | E43: 0 - NO | F43: CHIAFFREDO | G43: BERSIA CHIAFFREDO | H43: S - SOCIETA | I43: 02068430046 | J43: BRSCFF54H04D967J | L43: D967 - GENOLA | M43: CN | N43: 12040 | O43: VIA MELLEA, 2 | Q43: 338 8080110 | U43: 01/01/1900 | V43: 06/06/2023 | W43: 0 - NO | Y43: CN | Z43: D967 - GENOLA | AA43: VIA MELLEA, 2 | AB43: 12040 | AC43: BERSIA CHIAFFREDO | AD43: 0 - PERSONA GIURIDICA | AF43: IT88L0306946850100000010225
A44: 028 | B44: 0 - PERSONA GIURIDICA | E44: 0 - NO | F44: VITO MICHELE | G44: BOCCARDI VITO MICHELE | H44: S - SOCIETA | I44: 04606840728 | J44: BCCVMC66D11H096F | L44: H096 - PUTIGNANO | M44: BA | N44: 70017 | O44: VIA F.LLI MOREA, 29 | U44: 01/01/1900 | V44: 06/06/2023 | W44: 0 - NO | Y44: BA | Z44: H096 - PUTIGNANO | AA44: VIA F.LLI MOREA, 29 | AB44: 70017 | AC44: BOCCARDI VITO MICHELE | AD44: 0 - PERSONA GIURIDICA
A45: 0282 | B45: 1 - PERSONA FISICA | C45: 5 - LEGALE | E45: 0 - NO | F45: LUCIA | G45: PISCITELLI | H45: F - FEMMINA | I45: 03033690615 | J45: PSCLCU69P62I233T | K45: 5 - LEGALE | L45: B963 - CASERTA | M45: CE | N45: 81100 | O45: VIA FULVIO RENELLA 88 | S45: LUCIA@STUDIOLEGALEPISCITELLI.COM | U45: 01/01/1900 | V45: 31/12/9999 | W45: 0 - NO | Y45: CE | Z45: B963 - CASERTA | AA45: VIA FULVIO RENELLA 88 | AB45: 81100 | AC45: PISCITELLI | AD45: 1 - PERSONA FISICA | AE45: 50 - Legali Fiduciari | AF45: IT10E0200814903000401011863 | AG45: 30 - Soggetto a IVA 22, R.A. e 4% Cassa Non Esente
A46: 0287 | B46: 0 - PERSONA GIURIDICA | C46: 1 - AUTO | E46: 0 - NO | G46: PROFESSIONAL SERVICE SRL | H46: S - SOCIETA | I46: 05262631210 | K46: 1 - AUTO | L46: F839 - NAPOLI | M46: NA | N46: 80146 | O46: VIA FERRANTE IMPARATO, 190 | S46: INFO@PROFESSIONALSERVICE.NA.IT | U46: 01/01/1900 | V46: 21/02/2019 | W46: 0 - NO | Y46: NA | Z46: F839 - NAPOLI | AA46: VIA FERRANTE IMPARATO, 190 | AB46: 80146 | AC46: PROFESSIONAL SERVICE SRL | AD46: 0 - PERSONA GIURIDICA | AE46: 10 - Perito Auto | AF46: IT18U0503403401000000011032 | AG46: 25 - Soggetto a sola IVA 22
A47: 029 | B47: 0 - PERSONA GIURIDICA | E47: 0 - NO | F47: MICHELE | G47: BOCCARDI VITO MICHELE | H47: S - SOCIETA | I47: 04606840728 | J47: BCCVMC66D11H096F | L47: H096 - PUTIGNANO | M47: BA | N47: 70017 | O47: VIA F.LLI MOREA, 29 | U47: 01/01/1900 | V47: 06/06/2023 | W47: 0 - NO | Y47: BA | Z47: H096 - PUTIGNANO | AA47: VIA F.LLI MOREA, 29 | AB47: 70017 | AC47: BOCCARDI VITO MICHELE | AD47: 0 - PERSONA GIURIDICA
A48: 0294 | B48: 0 - PERSONA GIURIDICA | C48: 2 - RE | E48: 0 - NO | G48: DPF SRL | H48: S - SOCIETA | I48: 06031930016 | K48: 2 - RE | L48: L219 - TORINO | M48: TO | N48: 10128 | O48: CORSO RE UMBERTO 54 | Q48: 333 5653077 | S48: INFO@DPFSRL.IT | U48: 01/01/1900 | V48: 31/12/9999 | W48: 0 - NO | Y48: TO | Z48: L219 - TORINO | AA48: CORSO RE UMBERTO 54 | AB48: 10128 | AC48: DPF SRL | AD48: 0 - PERSONA GIURIDICA | AE48: 20 - Perito Re | AF48: IT97X0304801013000000082377 | AG48: 25 - Soggetto a sola IVA 22
A49: 0295 | B49: 0 - PERSONA GIURIDICA | E49: 0 - NO | G49: GIORGIADI GIOVANNI | H49: S - SOCIETA | I49: 01339900639 | L49: F839 - NAPOLI | M49: NA | N49: 80124 | O49: CENTRO DIREZIONALE ISOLA G1 | S49: AVV.GIORGIADI@LIBERO.IT | U49: 01/01/1900 | V49: 31/12/9999 | W49: 0 - NO | Y49: NA | Z49: F839 - NAPOLI | AA49: CENTRO DIREZIONALE ISOLA G1 | AB49: 80124 | AC49: GIORGIADI GIOVANNI | AD49: 0 - PERSONA GIURIDICA | AF49: IT48W0200803463000400785486 | AG49: 30 - Soggetto a IVA 22, R.A. e 4% Cassa Non Esente
A50: 0299 | B50: 1 - PERSONA FISICA | C50: 1 - AUTO | E50: 0 - NO | F50: MICHELE | G50: MOTTA | H50: M - MASCHIO | J50: MTTMHL64L20D442I | K50: 1 - AUTO | L50: D442 - ESTE | M50: PD | N50: 35042 | O50: VIA A. CORRADINI 1/U | Q50: 3357581939 | U50: 01/01/1900 | V50: 22/10/2018 | W50: 0 - NO | Y50: PD | Z50: D442 - ESTE | AA50: VIA A. CORRADINI 1/U | AB50: 35042 | AC50: MOTTA | AD50: 1 - PERSONA FISICA | AE50: 10 - Perito Auto | AF50: IT56K062256297007400560019P | AG50: 32 - Soggetto a IVA 22, R.A. e 4% Inps Non Esente
A51: 030 | B51: 0 - PERSONA GIURIDICA | E51: 0 - NO | F51: VITTORINO | G51: BOLLO VITTORINO | H51: S - SOCIETA | I51: 00504590027 | J51: BLLVTR56D27D281Y | L51: L750 - VERCELLI | M51: VC | N51: 13100 | O51: VIA RESTANO, 79, | U51: 01/01/1900 | V51: 06/06/2023 | W51: 0 - NO | Y51: VC | Z51: L750 - VERCELLI | AA51: VIA RESTANO, 79, | AB51: 13100 | AC51: BOLLO VITTORINO | AD51: 0 - PERSONA GIURIDICA
A52: 0300 | B52: 0 - PERSONA GIURIDICA | E52: 0 - NO | G52: FABI ALESSIO AVVOCATO | H52: S - SOCIETA | I52: 08215671002 | J52: FBALSS70L13C773O | L52: C773 - CIVITAVECCHIA | M52: RM | N52: 00053 | O52: PIAZZETTA SANTA MARIA 7 | S52: FABILEX@LIBERO.IT | U52: 01/01/1900 | V52: 31/12/2018 | W52: 0 - NO | Y52: RM | Z52: C773 - CIVITAVECCHIA | AA52: PIAZZETTA SANTA MARIA 7 | AB52: 00053 | AC52: FABI ALESSIO AVVOCATO | AD52: 0 - PERSONA GIURIDICA | AF52: IT32E0200839043000004951708 | AG52: 49 - NO IVA BERSANI, 4% INPS NON ESENTE
A53: 0307 | B53: 0 - PERSONA GIURIDICA | E53: 0 - NO | G53: ICS SRLS | H53: S - SOCIETA | I53: 08337301215 | J53: 08337301215 | L53: F839 - NAPOLI | M53: NA | N53: 80121 | O53: CORSO VITTORIO EMANUELE - 112 | Q53: 3314454538 | S53: ICS.GOVERNANCE@GMAIL.COM | U53: 01/01/1900 | V53: 05/01/2023 | W53: 0 - NO | Y53: NA | Z53: F839 - NAPOLI | AA53: CORSO VITTORIO EMANUELE - 112 | AB53: 80121 | AC53: ICS SRLS | AD53: 0 - PERSONA GIURIDICA | AF53: IT47K0101039904100000004589 | AG53: 25 - Soggetto a sola IVA 22
A54: 0308 | B54: 0 - PERSONA GIURIDICA | C54: 2 - RE | E54: 0 - NO | G54: LERCARI SRL | H54: S - SOCIETA | I54: 07600220961 | K54: 2 - RE | L54: F205 - MILANO | M54: MI | N54: 20121 | O54: PIAZZA DELLA REPUBBLICA 7 | S54: INCARICHI@LERCARI.IT | U54: 01/01/1900 | V54: 31/12/9999 | W54: 0 - NO | Y54: MI | Z54: F205 - MILANO | AA54: PIAZZA DELLA REPUBBLICA 7 | AB54: 20121 | AC54: LERCARI SRL | AD54: 0 - PERSONA GIURIDICA | AE54: 20 - Perito Re | AF54: IT15C0312701401000000001448 | AG54: 25 - Soggetto a sola IVA 22
A55: 031 | B55: 1 - PERSONA FISICA | E55: 0 - NO | F55: PAOLO | G55: BOLLO | J55: BLLPLA92L28F952O | L55: L750 - VERCELLI | M55: VC | N55: 13100 | O55: VIA RESTANO 79 | U55: 01/01/1900 | V55: 06/06/2023 | W55: 0 - NO | Y55: VC | Z55: L750 - VERCELLI | AA55: VIA RESTANO 79 | AB55: 13100 | AC55: BOLLO | AD55: 1 - PERSONA FISICA
A56: 0312 | B56: 1 - PERSONA FISICA | C56: 5 - LEGALE | E56: 0 - NO | F56: ANTONIO | G56: PETRAROLO | H56: M - MASCHIO | I56: 03951750615 | J56: PTRNTN59T14D228P | K56: 5 - LEGALE | L56: I234 - SANTA MARIA CAPUA VETERE | M56: CE | N56: 81055 | O56: VIA DEI SANNITI | S56: A.PETRAROLO@LIBERO.IT | T56: A.PETRAROLO@AVVOCATISMCV.IT | U56: 01/01/1900 | V56: 31/12/9999 | W56: 0 - NO | Y56: CE | Z56: I234 - SANTA MARIA CAPUA VETERE | AA56: VIA DEI SANNITI | AB56: 81055 | AC56: PETRAROLO | AD56: 1 - PERSONA FISICA | AE56: 50 - Legali Fiduciari | AF56: IT59X0312775040000000003308 | AG56: 30 - Soggetto a IVA 22, R.A. e 4% Cassa Non Esente
A57: 032 | B57: 0 - PERSONA GIURIDICA | E57: 0 - NO | G57: BONATO DANIEL | H57: S - SOCIETA | I57: 04181970288 | J57: BNTDNL85C09B563I | L57: L900 - VIGONZA | M57: PD | N57: 35010 | O57: VIA MEUCCI, 67 | U57: 01/01/1900 | V57: 06/06/2023 | W57: 0 - NO | Y57: PD | Z57: L900 - VIGONZA | AA57: VIA MEUCCI, 67 | AB57: 35010 | AC57: BONATO DANIEL | AD57: 0 - PERSONA GIURIDICA | AF57: IT71J0832762960000000013694
A58: 0320 | B58: 1 - PERSONA FISICA | C58: 5 - LEGALE | E58: 0 - NO | F58: VINCENZO | G58: ROGNONI | H58: M - MASCHIO | I58: 03311300176 | J58: RGNVCN64T10G388S | K58: 5 - LEGALE | L58: B157 - BRESCIA | M58: BS | N58: 25123 | O58: VIA COLLE FIORITO 7/9 | Q58: 3355803591 | S58: VINCENZO@AVVOCATOROGNONI.IT | T58: VINCENZOVITOMARIA@BRESCIA.PECAVVOCATI.IT | U58: 01/01/1900 | V58: 31/12/9999 | W58: 0 - NO | Y58: BS | Z58: B157 - BRESCIA | AA58: VIA COLLE FIORITO 7/9 | AB58: 25123 | AC58: ROGNONI | AD58: 1 - PERSONA FISICA | AE58: 50 - Legali Fiduciari | AF58: IT67O0306911210100000013645 | AG58: 30 - Soggetto a IVA 22, R.A. e 4% Cassa Non Esente
A59: 0322 | B59: 1 - PERSONA FISICA | E59: 0 - NO | F59: GIOVANNI | G59: BERNARDI | H59: M - MASCHIO | I59: 04094690239 | J59: BRNGNN87R16E730V | L59: L781 - VERONA | M59: VR | N59: 37123 | O59: STRADONE PROVOLO | S59: GIOVANNIBERNARDI@STUDIOLEGALEMENICHETTI.IT | U59: 01/01/1900 | V59: 31/12/2018 | W59: 0 - NO | Y59: VR | Z59: L781 - VERONA | AA59: STRADONE PROVOLO | AB59: 37123 | AC59: BERNARDI | AD59: 1 - PERSONA FISICA
A60: 0325 | B60: 0 - PERSONA GIURIDICA | E60: 0 - NO | G60: NEW CONSULENZA ASSICURATIVA | H60: S - SOCIETA | I60: 05104050876 | L60: C351 - CATANIA | M60: CT | N60: 95126 | O60: VIA DEL ROTOLO 42 | Q60: 393.9994128 | S60: SALVATORE.RIGANO2@TIN.IT | U60: 01/01/1900 | V60: 31/12/9999 | W60: 0 - NO | Y60: CT | Z60: C351 - CATANIA | AA60: VIA DEL ROTOLO 42 | AB60: 95126 | AC60: NEW CONSULENZA ASSICURATIVA | AD60: 0 - PERSONA GIURIDICA | AF60: IT68S0312716900000000002308 | AG60: 30 - Soggetto a IVA 22, R.A. e 4% Cassa Non Esente
A61: 0328 | B61: 0 - PERSONA GIURIDICA | C61: 5 - LEGALE | E61: 0 - NO | G61: SPAGNOLO STUDIO LEGALE ASSOCIATO | H61: S - SOCIETA | I61: 04016560874 | J61: 04016560874 | K61: 5 - LEGALE | L61: C351 - CATANIA | M61: CT | N61: 95129 | O61: CORSO ITALIA 244 | S61: INFO@STUDIOLEGALESPAGNOLO.IT | T61: SANTO.SPAGNOLO@PEC.ORDINEAVVOCATICATANIA.IT | U61: 01/01/1900 | V61: 31/12/9999 | W61: 0 - NO | Y61: CT | Z61: C351 - CATANIA | AA61: CORSO ITALIA 244 | AB61: 95129 | AC61: SPAGNOLO STUDIO LEGALE ASSOCIATO | AD61: 0 - PERSONA GIURIDICA | AE61: 50 - Legali Fiduciari | AF61: IT77V0306916900100000013388 | AG61: 30 - Soggetto a IVA 22, R.A. e 4% Cassa Non Esente
A62: 0328_0001 | B62: 1 - PERSONA FISICA | C62: 5 - LEGALE | E62: 0 - NO | F62: SANTO | G62: SPAGNOLO | H62: M - MASCHIO | I62: 04016560874 | J62: SPGSNT54B10C356R | K62: 5 - LEGALE | L62: C351 - CATANIA | M62: CT | N62: 95129 | O62: CORSO ITALIA, 244 | U62: 01/01/1900 | V62: 31/12/9999 | W62: 0 - NO | Y62: CT | Z62: C351 - CATANIA | AA62: CORSO ITALIA, 244 | AB62: 95129 | AC62: SPAGNOLO | AD62: 1 - PERSONA FISICA | AE62: 50 - Legali Fiduciari | AG62: 30 - Soggetto a IVA 22, R.A. e 4% Cassa Non Esente
A63: 033 | B63: 1 - PERSONA FISICA | E63: 0 - NO | F63: UGO | G63: BONZI | J63: BNZGUO61C10A569F | L63: A569 - BAGNOLO MELLA | M63: BS | N63: 25021 | O63: VIALE EUROPA, 66 | U63: 01/01/1900 | V63: 06/06/2023 | W63: 0 - NO | Y63: BS | Z63: A569 - BAGNOLO MELLA | AA63: VIALE EUROPA, 66 | AB63: 25021 | AC63: BONZI | AD63: 1 - PERSONA FISICA
A64: 0330 | B64: 1 - PERSONA FISICA | E64: 0 - NO | F64: ANTONIO | G64: ESPOSITO | H64: M - MASCHIO | I64: 03086281213 | J64: SPSNTN61B10C129S | L64: E131 - GRAGNANO | M64: NA | N64: 80054 | O64: VIA CASTELLAMMARE 263 | S64: ANTSTUDIO@TIN.IT | T64: ANTONIO.ESPOSITO@ORDINEAVVOCATITA.IT | U64: 01/01/1900 | V64: 31/12/9999 | W64: 0 - NO | Y64: NA | Z64: E131 - GRAGNANO | AA64: VIA CASTELLAMMARE 263 | AB64: 80054 | AC64: ESPOSITO | AD64: 1 - PERSONA FISICA | AF64: IT76S0306922124100000007682 | AG64: 30 - Soggetto a IVA 22, R.A. e 4% Cassa Non Esente
A65: 0331 | B65: 1 - PERSONA FISICA | C65: 5 - LEGALE | E65: 0 - NO | F65: NICOLA | G65: BRUNO | H65: M - MASCHIO | I65: 09278650016 | J65: BRNNCL66A12L219C | K65: 5 - LEGALE | L65: L219 - TORINO | M65: TO | N65: 10128 | O65: CORSO GIACOMO MATTEOTTI 13 | S65: N.BRUNO@STUDIOAVVBRUNO.IT | U65: 01/01/1900 | V65: 31/12/9999 | W65: 0 - NO | Y65: TO | Z65: L219 - TORINO | AA65: CORSO GIACOMO MATTEOTTI 13 | AB65: 10128 | AC65: BRUNO | AD65: 1 - PERSONA FISICA | AE65: 50 - Legali Fiduciari | AF65: IT56A0200801006000002935299 | AG65: 30 - Soggetto a IVA 22, R.A. e 4% Cassa Non Esente
A66: 0332 | B66: 0 - PERSONA GIURIDICA | C66: 5 - LEGALE | E66: 0 - NO | G66: VITIELLO STUDIO LEGALE ASSOCIATO | H66: S - SOCIETA | I66: 07134700637 | J66: 07134700637 | K66: 5 - LEGALE | L66: F839 - NAPOLI | M66: NA | N66: 80122 | O66: VIA RIVIERA DI CHIAIA, 53 | S66: LEGALE@STUDIOASSOCIATOVITIELLO.IT | T66: STUDIOVITIELLO@PEC.IT | U66: 01/01/1900 | V66: 31/12/9999 | W66: 0 - NO | Y66: NA | Z66: F839 - NAPOLI | AA66: VIA RIVIERA DI CHIAIA, 53 | AB66: 80122 | AC66: VITIELLO STUDIO LEGALE ASSOCIATO | AD66: 0 - PERSONA GIURIDICA | AE66: 50 - Legali Fiduciari | AF66: IT98W0312703412000000003567 | AG66: 30 - Soggetto a IVA 22, R.A. e 4% Cassa Non Esente
A67: 0332_0001 | B67: 1 - PERSONA FISICA | C67: 5 - LEGALE | E67: 0 - NO | F67: ANIELLO | G67: AVV. BARBUTO | H67: M - MASCHIO | I67: 07134700637 | J67: BRBNLL81B18G813O | K67: 5 - LEGALE | U67: 01/01/1900 | V67: 31/12/9999 | W67: 0 - NO | AC67: AVV. BARBUTO | AD67: 1 - PERSONA FISICA | AE67: 50 - Legali Fiduciari | AG67: 30 - Soggetto a IVA 22, R.A. e 4% Cassa Non Esente
A68: 0332_0002 | B68: 1 - PERSONA FISICA | C68: 5 - LEGALE | E68: 0 - NO | F68: ILARIO | G68: AVV. DI CARLUCCIO | H68: M - MASCHIO | I68: 07134700637 | J68: DCRLRI72A15F839W | K68: 5 - LEGALE | L68: F839 - NAPOLI | M68: NA | N68: 80122 | O68: VIA RIVIERA DI CHIAIA N.53 | U68: 01/01/1900 | V68: 31/12/9999 | W68: 0 - NO | Y68: NA | Z68: F839 - NAPOLI | AA68: VIA RIVIERA DI CHIAIA N.53 | AB68: 80122 | AC68: AVV. DI CARLUCCIO | AD68: 1 - PERSONA FISICA | AE68: 50 - Legali Fiduciari | AG68: 30 - Soggetto a IVA 22, R.A. e 4% Cassa Non Esente
A69: 0332_0003 | B69: 1 - PERSONA FISICA | C69: 5 - LEGALE | E69: 0 - NO | F69: NADIA | G69: AVV. MIGLIACCIO | H69: F - FEMMINA | I69: 07134700637 | J69: MGLNDA75L48F839P | K69: 5 - LEGALE | U69: 01/01/1900 | V69: 31/12/9999 | W69: 0 - NO | AC69: AVV. MIGLIACCIO | AD69: 1 - PERSONA FISICA | AE69: 50 - Legali Fiduciari | AG69: 30 - Soggetto a IVA 22, R.A. e 4% Cassa Non Esente
A70: 0332_0004 | B70: 1 - PERSONA FISICA | C70: 5 - LEGALE | E70: 0 - NO | F70: SERGIO | G70: AVV. VITIELLO | H70: M - MASCHIO | I70: 07134700637 | J70: VTLSRG95H10F839C | K70: 5 - LEGALE | L70: F839 - NAPOLI | M70: NA | N70: 801XX | O70: VIA VITTORIA COLONNA | U70: 01/01/1900 | V70: 31/12/9999 | W70: 0 - NO | Y70: NA | Z70: F839 - NAPOLI | AA70: VIA VITTORIA COLONNA | AB70: 801XX | AC70: AVV. VITIELLO | AD70: 1 - PERSONA FISICA | AE70: 50 - Legali Fiduciari | AG70: 30 - Soggetto a IVA 22, R.A. e 4% Cassa Non Esente
A71: 0332_0005 | B71: 1 - PERSONA FISICA | C71: 5 - LEGALE | E71: 0 - NO | F71: NAUSICA | G71: CORSARO | H71: F - FEMMINA | I71: 07134700637 | J71: CRSNSC84C50L259H | K71: 5 - LEGALE | L71: I262 - SANT'ANASTASIA | M71: NA | N71: 80048 | O71: PIAZZA SAN FRANCESCO 10 | U71: 01/01/1900 | V71: 31/12/9999 | W71: 0 - NO | Y71: NA | Z71: I262 - SANT'ANASTASIA | AA71: PIAZZA SAN FRANCESCO 10 | AB71: 80048 | AC71: CORSARO | AD71: 1 - PERSONA FISICA | AE71: 50 - Legali Fiduciari | AG71: 30 - Soggetto a IVA 22, R.A. e 4% Cassa Non Esente
A72: 0332_0006 | B72: 1 - PERSONA FISICA | C72: 5 - LEGALE | E72: 0 - NO | F72: CESARE | G72: AVV. ROMANO | H72: M - MASCHIO | I72: 07134700637 | J72: RMNCSR77H21F839G | K72: 5 - LEGALE | L72: I262 - SANT'ANASTASIA | M72: NA | N72: 80048 | O72: P.ZZA SAN FRANCESCO D'ASSISI, 13 | U72: 01/01/1900 | V72: 31/12/9999 | W72: 0 - NO | Y72: NA | Z72: I262 - SANT'ANASTASIA | AA72: P.ZZA SAN FRANCESCO D'ASSISI, 13 | AB72: 80048 | AC72: AVV. ROMANO | AD72: 1 - PERSONA FISICA | AE72: 50 - Legali Fiduciari | AG72: 30 - Soggetto a IVA 22, R.A. e 4% Cassa Non Esente
A73: 0332_0007 | B73: 1 - PERSONA FISICA | C73: 5 - LEGALE | E73: 0 - NO | F73: ROSARIO | G73: AVV. FARINARO | H73: M - MASCHIO | I73: 07134700637 | J73: FRNRSR78L05F839E | K73: 5 - LEGALE | U73: 01/01/1900 | V73: 31/12/9999 | W73: 0 - NO | AC73: AVV. FARINARO | AD73: 1 - PERSONA FISICA | AE73: 50 - Legali Fiduciari | AG73: 30 - Soggetto a IVA 22, R.A. e 4% Cassa Non Esente
A74: 0332_0008 | B74: 1 - PERSONA FISICA | C74: 5 - LEGALE | E74: 0 - NO | F74: MATTIA | G74: AVV. P. TRASI | H74: M - MASCHIO | I74: 07134700637 | J74: TRSMTT96R15F839D | K74: 5 - LEGALE | U74: 01/01/1900 | V74: 31/12/9999 | W74: 0 - NO | AC74: AVV. P. TRASI | AD74: 1 - PERSONA FISICA | AE74: 50 - Legali Fiduciari | AG74: 30 - Soggetto a IVA 22, R.A. e 4% Cassa Non Esente
A75: 0332_0009 | B75: 1 - PERSONA FISICA | C75: 5 - LEGALE | E75: 0 - NO | F75: MAURIZIO | G75: AVV. VITIELLO | H75: M - MASCHIO | I75: 07134700637 | J75: VTLMRZ69A31F839Y | K75: 5 - LEGALE | U75: 01/01/1900 | V75: 31/12/9999 | W75: 0 - NO | AC75: AVV. VITIELLO | AD75: 1 - PERSONA FISICA | AE75: 50 - Legali Fiduciari | AG75: 30 - Soggetto a IVA 22, R.A. e 4% Cassa Non Esente
A76: 0332_0010 | B76: 1 - PERSONA FISICA | C76: 5 - LEGALE | E76: 0 - NO | F76: FRANCESCO | G76: AVV. P. COSTANTINO | H76: M - MASCHIO | I76: 07134700637 | J76: CSTFNC94H22L845E | K76: 5 - LEGALE | U76: 01/01/1900 | V76: 31/12/9999 | W76: 0 - NO | AC76: AVV. P. COSTANTINO | AD76: 1 - PERSONA FISICA | AE76: 50 - Legali Fiduciari | AG76: 30 - Soggetto a IVA 22, R.A. e 4% Cassa Non Esente
A77: 0332_0011 | B77: 1 - PERSONA FISICA | C77: 5 - LEGALE | E77: 0 - NO | F77: NAUSICA | G77: CORSARO | H77: F - FEMMINA | I77: 07134700637 | J77: CRSNSC84C50L259H | K77: 5 - LEGALE | L77: I262 - SANT'ANASTASIA | M77: NA | N77: 80048 | O77: PIAZZA SAN FRANCESCO 10 | U77: 01/01/1900 | V77: 31/12/9999 | W77: 0 - NO | Y77: NA | Z77: I262 - SANT'ANASTASIA | AA77: PIAZZA SAN FRANCESCO 10 | AB77: 80048 | AC77: CORSARO | AD77: 1 - PERSONA FISICA | AE77: 50 - Legali Fiduciari | AG77: 30 - Soggetto a IVA 22, R.A. e 4% Cassa Non Esente
A78: 0332_0012 | B78: 1 - PERSONA FISICA | C78: 5 - LEGALE | E78: 0 - NO | F78: GIUSEPPE | G78: AVV. P. FORMISANO | H78: M - MASCHIO | I78: 07134700637 | J78: FRMGPP94T02M289G | K78: 5 - LEGALE | U78: 01/01/1900 | V78: 31/12/9999 | W78: 0 - NO | AC78: AVV. P. FORMISANO | AD78: 1 - PERSONA FISICA | AE78: 50 - Legali Fiduciari | AG78: 30 - Soggetto a IVA 22, R.A. e 4% Cassa Non Esente
A79: 0332_0013 | B79: 1 - PERSONA FISICA | C79: 5 - LEGALE | E79: 0 - NO | F79: ILARIO | G79: AVV. DI CARLUCCIO | H79: M - MASCHIO | I79: 07134700637 | J79: VVDLRI72A15F839R | K79: 5 - LEGALE | U79: 01/01/1900 | V79: 31/12/9999 | W79: 0 - NO | AC79: AVV. DI CARLUCCIO | AD79: 1 - PERSONA FISICA | AE79: 50 - Legali Fiduciari | AG79: 30 - Soggetto a IVA 22, R.A. e 4% Cassa Non Esente
A80: 0332_0014 | B80: 1 - PERSONA FISICA | C80: 5 - LEGALE | E80: 0 - NO | F80: NAUSICA | G80: AVV. CORSARO | H80: F - FEMMINA | I80: 07134700637 | J80: VVCNSC84C50L259J | K80: 5 - LEGALE | U80: 01/01/1900 | V80: 31/12/9999 | W80: 0 - NO | AC80: AVV. CORSARO | AD80: 1 - PERSONA FISICA | AE80: 50 - Legali Fiduciari | AG80: 30 - Soggetto a IVA 22, R.A. e 4% Cassa Non Esente
A81: 0332_0015 | B81: 1 - PERSONA FISICA | C81: 5 - LEGALE | E81: 0 - NO | F81: NICOLA | G81: AVV. LIBONATI | H81: M - MASCHIO | I81: 07134700637 | J81: LBNNCL72L18F839P | K81: 5 - LEGALE | U81: 01/01/1900 | V81: 31/12/9999 | W81: 0 - NO | AC81: AVV. LIBONATI | AD81: 1 - PERSONA FISICA | AE81: 50 - Legali Fiduciari | AG81: 30 - Soggetto a IVA 22, R.A. e 4% Cassa Non Esente
A82: 0332_0016 | B82: 1 - PERSONA FISICA | C82: 5 - LEGALE | E82: 0 - NO | F82: LUCIA | G82: AVV. AVANTAGGIATO | H82: F - FEMMINA | I82: 07134700637 | J82: VNTLCU75C54E329S | K82: 5 - LEGALE | U82: 01/01/1900 | V82: 11/11/2024 | W82: 0 - NO | AC82: AVV. AVANTAGGIATO | AD82: 1 - PERSONA FISICA | AE82: 50 - Legali Fiduciari | AG82: 30 - Soggetto a IVA 22, R.A. e 4% Cassa Non Esente
A83: 0334 | B83: 0 - PERSONA GIURIDICA | E83: 0 - NO | G83: DE FILIPPO VITTORIO | H83: S - SOCIETA | I83: 00152158887 | L83: I820 - SOMMA VESUVIANA | M83: NA | N83: 80049 | O83: VIA GARIBALDI 4 | S83: VITTORIO.DEFILIPPO@YAHOO.IT | T83: AVVDEFILIPPO@GIGAPEC.IT | U83: 01/01/1900 | V83: 31/12/9999 | W83: 0 - NO | Y83: NA | Z83: I820 - SOMMA VESUVIANA | AA83: VIA GARIBALDI 4 | AB83: 80049 | AC83: DE FILIPPO VITTORIO | AD83: 0 - PERSONA GIURIDICA | AF83: IT88K0306234210000000638932 | AG83: 30 - Soggetto a IVA 22, R.A. e 4% Cassa Non Esente
A84: 0336 | B84: 0 - PERSONA GIURIDICA | C84: 1 - AUTO | E84: 0 - NO | G84: CENTRO PERIZIE SAS | H84: S - SOCIETA | I84: 02872950965 | J84: 12437990158 | K84: 1 - AUTO | L84: I690 - SESTO SAN GIOVANNI | M84: MI | N84: 20099 | O84: VIALE MATTEOTTI 489 | S84: PIETRO@STUDIOPAVIN.IT | T84: CENTROPERIESAS@LEGALMAIL.IT | U84: 01/01/1900 | V84: 01/03/2023 | W84: 0 - NO | Y84: MI | Z84: I690 - SESTO SAN GIOVANNI | AA84: VIALE MATTEOTTI 489 | AB84: 20099 | AC84: CENTRO PERIZIE SAS | AD84: 0 - PERSONA GIURIDICA | AE84: 10 - Perito Auto | AF84: IT94L0503432970000000130775 | AG84: 25 - Soggetto a sola IVA 22
A85: 0337 | B85: 0 - PERSONA GIURIDICA | C85: 1 - AUTO | E85: 0 - NO | G85: BERTELLI SRL | H85: S - SOCIETA | I85: 01112180110 | J85: 01112180110 | K85: 1 - AUTO | L85: E463 - LA SPEZIA | M85: SP | N85: 19121 | O85: VIALE AMENDOLA, 76 | Q85: 3276519578 | S85: INFOBERTELLI2@GMAIL.COM | U85: 01/01/1900 | V85: 31/12/9999 | W85: 0 - NO | Y85: SP | Z85: E463 - LA SPEZIA | AA85: VIALE AMENDOLA, 76 | AB85: 19121 | AC85: BERTELLI SRL | AD85: 0 - PERSONA GIURIDICA | AE85: 10 - Perito Auto | AF85: IT09M0760110700000027286145 | AG85: 25 - Soggetto a sola IVA 22
A86: 0337_0001 | B86: 1 - PERSONA FISICA | C86: 1 - AUTO | E86: 0 - NO | F86: LORENZO | G86: BERTELLI | H86: M - MASCHIO | I86: 01112180110 | J86: BRTLNZ94L12B832U | K86: 1 - AUTO | L86: E463 - LA SPEZIA | M86: SP | N86: 19121 | O86: VIA VITTORIO VENETO 290 | S86: LORENZOBERTELLI3@GMAIL.COM | T86: ALESSANDROBERTELLI@PEC.IT | U86: 01/01/1900 | V86: 31/12/9999 | W86: 0 - NO | Y86: SP | Z86: E463 - LA SPEZIA | AA86: VIA VITTORIO VENETO 290 | AB86: 19121 | AC86: BERTELLI | AD86: 1 - PERSONA FISICA | AE86: 10 - Perito Auto | AG86: 25 - Soggetto a sola IVA 22
A87: 0337_0002 | B87: 1 - PERSONA FISICA | C87: 1 - AUTO | E87: 0 - NO | F87: ALESSANDRO | G87: BERTELLI | H87: M - MASCHIO | I87: 01112180110 | J87: BRTLSN57D23E463Z | K87: 1 - AUTO | L87: E463 - LA SPEZIA | M87: SP | N87: 19121 | O87: VIA PERSIO 49 | S87: ALESSANDROBERTELLI1@GMAIIL.COM | U87: 01/01/1900 | V87: 31/12/9999 | W87: 0 - NO | Y87: SP | Z87: E463 - LA SPEZIA | AA87: VIA PERSIO 49 | AB87: 19121 | AC87: BERTELLI | AD87: 1 - PERSONA FISICA | AE87: 10 - Perito Auto | AG87: 25 - Soggetto a sola IVA 22
A88: 0337_0003 | B88: 1 - PERSONA FISICA | C88: 1 - AUTO | E88: 0 - NO | F88: MANUELA | G88: PLICANTI | H88: F - FEMMINA | I88: 01112180110 | J88: PLCMNL85L62E463X | K88: 1 - AUTO | L88: E463 - LA SPEZIA | M88: SP | N88: 19121 | O88: VIALE AMENDOLA N. 76 | U88: 01/01/1900 | V88: 31/12/9999 | W88: 0 - NO | Y88: SP | Z88: E463 - LA SPEZIA | AA88: VIALE AMENDOLA N. 76 | AB88: 19121 | AC88: PLICANTI | AD88: 1 - PERSONA FISICA | AE88: 10 - Perito Auto | AG88: 25 - Soggetto a sola IVA 22
A89: 0337_0004 | B89: 1 - PERSONA FISICA | C89: 1 - AUTO | E89: 0 - NO | F89: DANIELE | G89: DOMENICI | H89: M - MASCHIO | I89: 01112180110 | J89: DMNDNL84A22E625I | K89: 1 - AUTO | L89: E625 - LIVORNO | M89: LI | N89: 571XX | O89: VIA DELLA CAMPANA | U89: 01/01/1900 | V89: 31/12/9999 | W89: 0 - NO | Y89: LI | Z89: E625 - LIVORNO | AA89: VIA DELLA CAMPANA | AB89: 571XX | AC89: DOMENICI | AD89: 1 - PERSONA FISICA | AE89: 10 - Perito Auto | AG89: 25 - Soggetto a sola IVA 22
A90: 0338 | B90: 0 - PERSONA GIURIDICA | C90: 1 - AUTO | E90: 0 - NO | G90: INSEYE SRL | H90: S - SOCIETA | I90: 07974781218 | J90: 07974781218 | K90: 1 - AUTO | L90: F839 - NAPOLI | M90: NA | N90: 80131 | O90: VIALE FARNESE 61 | Q90: 3407310440 | S90: INSEYESRL@GMAIL.COM | U90: 01/01/1900 | V90: 20/09/2020 | W90: 0 - NO | Y90: NA | Z90: F839 - NAPOLI | AA90: VIALE FARNESE 61 | AB90: 80131 | AC90: INSEYE SRL | AD90: 0 - PERSONA GIURIDICA | AE90: 10 - Perito Auto | AF90: IT08K0538703408000002278750 | AG90: 25 - Soggetto a sola IVA 22
A91: 0339 | B91: 1 - PERSONA FISICA | C91: 1 - AUTO | E91: 0 - NO | F91: WALTER | G91: STRAZZULLO | H91: M - MASCHIO | J91: STRWTR79M17F839U | K91: 1 - AUTO | L91: C291 - CASTEL VOLTURNO | M91: CE | N91: 81030 | O91: COMO,13 | S91: PAESANOASSICURAZIONI@GMAIL.COM | U91: 01/01/1900 | V91: 31/12/9999 | W91: 0 - NO | Y91: CE | Z91: C291 - CASTEL VOLTURNO | AA91: COMO,13 | AB91: 81030 | AC91: STRAZZULLO | AD91: 1 - PERSONA FISICA | AE91: 10 - Perito Auto | AF91: IT92Q0760103400000041172321
A92: 034 | B92: 1 - PERSONA FISICA | E92: 0 - NO | F92: MAURO | G92: BORELLA | J92: BRLMRA86T42B563K | L92: B345 - CADONEGHE | M92: PD | N92: 35010 | O92: VIA ROMA, 2/C | U92: 01/01/1900 | V92: 06/06/2023 | W92: 0 - NO | Y92: PD | Z92: B345 - CADONEGHE | AA92: VIA ROMA, 2/C | AB92: 35010 | AC92: BORELLA | AD92: 1 - PERSONA FISICA
A93: 0340 | B93: 1 - PERSONA FISICA | C93: 1 - AUTO | E93: 0 - NO | F93: GERRI | G93: LOSITO | H93: M - MASCHIO | I93: 06876400968 | J93: LSTGRR74B10D208N | K93: 1 - AUTO | L93: L219 - TORINO | M93: TO | N93: 10151 | O93: VIA PIANEZZA 185 | S93: GERRILOSITO@ALICE.IT | U93: 01/01/1900 | V93: 19/10/2018 | W93: 0 - NO | Y93: TO | Z93: L219 - TORINO | AA93: VIA PIANEZZA 185 | AB93: 10151 | AC93: LOSITO | AD93: 1 - PERSONA FISICA | AE93: 10 - Perito Auto | AF93: IT15E0200801134000005152098 | AG93: 28 - Soggetto a IVA 22 e Ritenuta d'Acconto
A94: 0341 | B94: 0 - PERSONA GIURIDICA | C94: 1 - AUTO | E94: 0 - NO | G94: DEL GROSSO PIETRO | H94: S - SOCIETA | I94: 10772140587 | K94: 1 - AUTO | L94: H501 - ROMA | M94: RM | N94: 00133 | O94: VIA DI GROTTE CELONI, 16 | S94: DELGROSSOPIETRO@ALICE.IT | U94: 01/01/1900 | V94: 31/12/2017 | W94: 0 - NO | Y94: RM | Z94: H501 - ROMA | AA94: VIA DI GROTTE CELONI, 16 | AB94: 00133 | AC94: DEL GROSSO PIETRO | AD94: 0 - PERSONA GIURIDICA | AE94: 10 - Perito Auto | AF94: IT32S0200805058000400934268 | AG94: 25 - Soggetto a sola IVA 22
A95: 0342 | B95: 1 - PERSONA FISICA | C95: 1 - AUTO | E95: 0 - NO | F95: GIUSEPPE | G95: CAPUANO | H95: M - MASCHIO | I95: 04016950588 | J95: CPNGPP54T03H501S | K95: 1 - AUTO | L95: H501 - ROMA | M95: RM | N95: 00133 | O95: VIALE TIRRENO, 276 | Q95: 330.753787 | S95: CENTROPERIZIETIRRENO@TISCALI.IT | U95: 01/01/1900 | V95: 31/12/2023 | W95: 0 - NO | Y95: RM | Z95: H501 - ROMA | AA95: VIALE TIRRENO, 276 | AB95: 00133 | AC95: CAPUANO | AD95: 1 - PERSONA FISICA | AE95: 10 - Perito Auto | AF95: IT80W0832703204000000007102 | AG95: 58 - Soggetto a IVA 22, R.A. e 5% Cassa Esente
A96: 0343 | B96: 1 - PERSONA FISICA | C96: 1 - AUTO | E96: 0 - NO | F96: ARMANDO | G96: LANDINETTI | H96: M - MASCHIO | I96: 02566390643 | J96: LNDRND76E27F839H | K96: 1 - AUTO | L96: A509 - AVELLINO | M96: AV | N96: 83100 | O96: VIA CIRCUMVALLAZIONE, 46 | Q96: 3511301684 | S96: LANDINETTI.TRIATEL@GMAIL.COM | U96: 01/01/1900 | V96: 19/06/2023 | W96: 0 - NO | Y96: AV | Z96: A509 - AVELLINO | AA96: VIA CIRCUMVALLAZIONE, 46 | AB96: 83100 | AC96: LANDINETTI | AD96: 1 - PERSONA FISICA | AE96: 10 - Perito Auto | AF96: IT64P0760103400000071333157 | AG96: 49 - NO IVA BERSANI, 4% INPS NON ESENTE
A97: 0344 | B97: 1 - PERSONA FISICA | C97: 1 - AUTO | E97: 0 - NO | F97: DANIELE | G97: LETTERIELLO | H97: M - MASCHIO | I97: 04835940653 | J97: LTTDNL85A10H703Z | K97: 1 - AUTO | L97: B492 - CAMPAGNA | M97: SA | N97: 84022 | O97: VIA PIANTITO, 64 | S97: LETTFIOREN@TISCALI.IT | U97: 01/01/1900 | V97: 31/12/9999 | W97: 0 - NO | Y97: SA | Z97: B492 - CAMPAGNA | AA97: VIA PIANTITO, 64 | AB97: 84022 | AC97: LETTERIELLO | AD97: 1 - PERSONA FISICA | AE97: 10 - Perito Auto | AF97: IT24Y0306976132100000000788 | AG97: 32 - Soggetto a IVA 22, R.A. e 4% Inps Non Esente
A98: 0345 | B98: 1 - PERSONA FISICA | E98: 0 - NO | F98: MICHELE | G98: RANIERI | H98: M - MASCHIO | I98: 02532781214 | J98: RNRMHL65H27G813C | L98: I483 - SCAFATI | M98: SA | N98: 84018 | O98: VIA ALESSANDRO VOLTA 1 | S98: MIK.RANIERI06@LIBERO.IT | T98: PERITORANIERI@PEC.IT | U98: 01/01/1900 | V98: 26/01/2023 | W98: 0 - NO | Y98: SA | Z98: I483 - SCAFATI | AA98: VIA ALESSANDRO VOLTA 1 | AB98: 84018 | AC98: RANIERI | AD98: 1 - PERSONA FISICA | AF98: IT30Z0101039701000000658464 | AG98: 28 - Soggetto a IVA 22 e Ritenuta d'Acconto
A99: 0346 | B99: 0 - PERSONA GIURIDICA | C99: 1 - AUTO | E99: 0 - NO | G99: EMBRIONE GIAMPAOLO | H99: S - SOCIETA | I99: 07907431212 | K99: 1 - AUTO | L99: H501 - ROMA | M99: RM | N99: 00133 | O99: VIA TREBAZIA, 35 | S99: GIAMPAOLO.EMBRIONE@GMAIL.COM | U99: 01/01/1900 | V99: 31/12/2017 | W99: 0 - NO | Y99: RM | Z99: H501 - ROMA | AA99: VIA TREBAZIA, 35 | AB99: 00133 | AC99: EMBRIONE GIAMPAOLO | AD99: 0 - PERSONA GIURIDICA | AE99: 10 - Perito Auto | AF99: IT10H0307502200CC8500563354
A100: 0347 | B100: 1 - PERSONA FISICA | C100: 1 - AUTO | E100: 0 - NO | F100: DAVID | G100: SCERRA | H100: M - MASCHIO | I100: 02570860839 | J100: SCRDVD74M27F158V | K100: 1 - AUTO | L100: F158 - MESSINA | M100: ME | N100: 98121 | O100: VIA ROMAGNOSI 12/C | Q100: 3475827405 | S100: DAVIDSCERRA@VIRGILIO.IT | U100: 01/01/1900 | V100: 08/06/2018 | W100: 0 - NO | Y100: ME | Z100: F158 - MESSINA | AA100: VIA ROMAGNOSI 12/C | AB100: 98121 | AC100: SCERRA | AD100: 1 - PERSONA FISICA | AE100: 10 - Perito Auto | AF100: IT42P0312716504000000000341
...

Sheet Riparte
A1: IdPeritoOriginale | B1: TipoPersona | C1: TipoPerito | D1: IdPerito | E1: OperativitaSol | F1: NOME | G1: CognomeRagSoc | H1: Sesso | I1: PartitaIva | J1: CodiceFiscale | K1: Categoria | L1: Citta | M1: Provincia | N1: CAP | O1: INDIRIZZO | P1: Telefono | Q1: Cellulare | R1: Fax | S1: Mail1 | T1: MailPec | U1: DataInizioAlbo | V1: DataFineAlbo | W1: FlagAlbo | X1: CldPrimario | Y1: FatturazioneProvincia | Z1: FatturazioneCitta | AA1: FatturazioneIndirizzo | AB1: FatturazioneCap | AC1: FatturazioneRegioneSociale | AD1: FatturazioneTipoPersona | AE1: CodiceProfessione | AF1: IBAN | AG1: RegimeFiscale | AH1: Origine_IdPerito | AI1: Controllo_Disponibilita | AJ1: Controllo_PrimoCarattere
A2: 0931 | B2: =_xlfn.XLOOKUP(A2,'Part 1'!A:A,'Part 1'!B:B) -> 0 - PERSONA GIURIDICA | C2: =_xlfn.XLOOKUP(A2,'Part 1'!A:A,'Part 1'!C:C) -> 3 - INVESTIGATORE/ACCERTATORE | D2: 30000 | E2: {=_xlfn.XLOOKUP($A2,'Part 1'!$A$2:$A$4305,INDEX('Part 1'!$A$2:$AG$4305,0,MATCH(E$1,'Part 1'!$1:$1,0)))} -> 0 - NO | F2: {=_xlfn.XLOOKUP($A2,'Part 1'!$A$2:$A$4305,INDEX('Part 1'!$A$2:$AG$4305,0,MATCH(F$1,'Part 1'!$1:$1,0)))} -> 0 | G2: {=_xlfn.XLOOKUP($A2,'Part 1'!$A$2:$A$4305,INDEX('Part 1'!$A$2:$AG$4305,0,MATCH(G$1,'Part 1'!$1:$1,0)))} -> CIEFFE INVESTIGAZIONI SRL | H2: {=_xlfn.XLOOKUP($A2,'Part 1'!$A$2:$A$4305,INDEX('Part 1'!$A$2:$AG$4305,0,MATCH(H$1,'Part 1'!$1:$1,0)))} -> S - SOCIETA | I2: {=_xlfn.XLOOKUP($A2,'Part 1'!$A$2:$A$4305,INDEX('Part 1'!$A$2:$AG$4305,0,MATCH(I$1,'Part 1'!$1:$1,0)))} -> 07857200963 | J2: {=_xlfn.XLOOKUP($A2,'Part 1'!$A$2:$A$4305,INDEX('Part 1'!$A$2:$AG$4305,0,MATCH(J$1,'Part 1'!$1:$1,0)))} -> 0 | K2: {=_xlfn.XLOOKUP($A2,'Part 1'!$A$2:$A$4305,INDEX('Part 1'!$A$2:$AG$4305,0,MATCH(K$1,'Part 1'!$1:$1,0)))} -> 3 - INVESTIGATORE/ACCERTATORE | L2: {=_xlfn.XLOOKUP($A2,'Part 1'!$A$2:$A$4305,INDEX('Part 1'!$A$2:$AG$4305,0,MATCH(L$1,'Part 1'!$1:$1,0)))} -> C523 - CERNUSCO SUL NAVIGLIO | ... AG2: {=_xlfn.XLOOKUP($A2,'Part 1'!$A$2:$A$4305,INDEX('Part 1'!$A$2:$AG$4305,0,MATCH(AG$1,'Part 1'!$1:$1,0)))} -> 25 - Soggetto a sola IVA 22 | AH2: Calcolato | AI2: =IF(D2="","",IF(COUNTIF('Periti SOL'!$A:$A,VALUE(D2))>0,IF(AH2="Calcolato","ERRORE: ID calcolato NON disponibile","OK - preesistente nei DB"),"OK")) -> OK | AJ2: =IF(D2="","",IF(LEFT(D2&"",1)=LEFT(C2&"",1),"OK","ERRORE: primo carattere diverso da TipoPerito")) -> OK
A3: 0218 | B3: =_xlfn.XLOOKUP(A3,'Part 1'!A:A,'Part 1'!B:B) -> 1 - PERSONA FISICA | C3: =_xlfn.XLOOKUP(A3,'Part 1'!A:A,'Part 1'!C:C) -> 5 - LEGALE | D3: 50001 | E3: {=_xlfn.XLOOKUP(A3,'Part 1'!$A$2:$A$4305,INDEX('Part 1'!$A$2:$AG$4305,0,MATCH(E$1,'Part 1'!$1:$1,0)))} -> 0 - NO | F3: {=_xlfn.XLOOKUP($A3,'Part 1'!$A$2:$A$4305,INDEX('Part 1'!$A$2:$AG$4305,0,MATCH(F$1,'Part 1'!$1:$1,0)))} -> FERNANDO | G3: {=_xlfn.XLOOKUP($A3,'Part 1'!$A$2:$A$4305,INDEX('Part 1'!$A$2:$AG$4305,0,MATCH(G$1,'Part 1'!$1:$1,0)))} -> BROGNA | H3: {=_xlfn.XLOOKUP($A3,'Part 1'!$A$2:$A$4305,INDEX('Part 1'!$A$2:$AG$4305,0,MATCH(H$1,'Part 1'!$1:$1,0)))} -> M - MASCHIO | I3: {=_xlfn.XLOOKUP($A3,'Part 1'!$A$2:$A$4305,INDEX('Part 1'!$A$2:$AG$4305,0,MATCH(I$1,'Part 1'!$1:$1,0)))} -> 03952190613 | J3: {=_xlfn.XLOOKUP($A3,'Part 1'!$A$2:$A$4305,INDEX('Part 1'!$A$2:$AG$4305,0,MATCH(J$1,'Part 1'!$1:$1,0)))} -> BRGFNN69H11F839E | K3: {=_xlfn.XLOOKUP($A3,'Part 1'!$A$2:$A$4305,INDEX('Part 1'!$A$2:$AG$4305,0,MATCH(K$1,'Part 1'!$1:$1,0)))} -> 5 - LEGALE | L3: {=_xlfn.XLOOKUP($A3,'Part 1'!$A$2:$A$4305,INDEX('Part 1'!$A$2:$AG$4305,0,MATCH(L$1,'Part 1'!$1:$1,0)))} -> B715 - CAPUA | M3: {=_xlfn.XLOOKUP($A3,'Part 1'!$A$2:$A$4305,INDEX('Part 1'!$A$2:$AG$4305,0,MATCH(M$1,'Part 1'!$1:$1,0)))} -> CE | ... AG3: {=_xlfn.XLOOKUP($A3,'Part 1'!$A$2:$A$4305,INDEX('Part 1'!$A$2:$AG$4305,0,MATCH(AG$1,'Part 1'!$1:$1,0)))} -> 30 - Soggetto a IVA 22, R.A. e 4% Cassa Non Esente | AH3: Calcolato | AI3: =IF(D3="","",IF(COUNTIF('Periti SOL'!$A:$A,VALUE(D3))>0,IF(AH3="Calcolato","ERRORE: ID calcolato NON disponibile","OK - preesistente nei DB"),"OK")) -> OK | AJ3: =IF(D3="","",IF(LEFT(D3&"",1)=LEFT(C3&"",1),"OK","ERRORE: primo carattere diverso da TipoPerito")) -> OK
A4: 0227 | B4: =_xlfn.XLOOKUP(A4,'Part 1'!A:A,'Part 1'!B:B) -> 1 - PERSONA FISICA | C4: =_xlfn.XLOOKUP(A4,'Part 1'!A:A,'Part 1'!C:C) -> 5 - LEGALE | D4: 50002 | E4: {=_xlfn.XLOOKUP(A4,'Part 1'!$A$2:$A$4305,INDEX('Part 1'!$A$2:$AG$4305,0,MATCH(E$1,'Part 1'!$1:$1,0)))} -> 0 - NO | F4: {=_xlfn.XLOOKUP($A4,'Part 1'!$A$2:$A$4305,INDEX('Part 1'!$A$2:$AG$4305,0,MATCH(F$1,'Part 1'!$1:$1,0)))} -> ALESSANDRO | G4: {=_xlfn.XLOOKUP($A4,'Part 1'!$A$2:$A$4305,INDEX('Part 1'!$A$2:$AG$4305,0,MATCH(G$1,'Part 1'!$1:$1,0)))} -> BIANCHI | H4: {=_xlfn.XLOOKUP($A4,'Part 1'!$A$2:$A$4305,INDEX('Part 1'!$A$2:$AG$4305,0,MATCH(H$1,'Part 1'!$1:$1,0)))} -> M - MASCHIO | I4: {=_xlfn.XLOOKUP($A4,'Part 1'!$A$2:$A$4305,INDEX('Part 1'!$A$2:$AG$4305,0,MATCH(I$1,'Part 1'!$1:$1,0)))} -> 07052260010 | J4: {=_xlfn.XLOOKUP($A4,'Part 1'!$A$2:$A$4305,INDEX('Part 1'!$A$2:$AG$4305,0,MATCH(J$1,'Part 1'!$1:$1,0)))} -> BNCLSN67L19L219K | K4: {=_xlfn.XLOOKUP($A4,'Part 1'!$A$2:$A$4305,INDEX('Part 1'!$A$2:$AG$4305,0,MATCH(K$1,'Part 1'!$1:$1,0)))} -> 5 - LEGALE | L4: {=_xlfn.XLOOKUP($A4,'Part 1'!$A$2:$A$4305,INDEX('Part 1'!$A$2:$AG$4305,0,MATCH(L$1,'Part 1'!$1:$1,0)))} -> L219 - TORINO | M4: {=_xlfn.XLOOKUP($A4,'Part 1'!$A$2:$A$4305,INDEX('Part 1'!$A$2:$AG$4305,0,MATCH(M$1,'Part 1'!$1:$1,0)))} -> TO | ... AG4: {=_xlfn.XLOOKUP($A4,'Part 1'!$A$2:$A$4305,INDEX('Part 1'!$A$2:$AG$4305,0,MATCH(AG$1,'Part 1'!$1:$1,0)))} -> 43 - NO SOGGETTO A R.A., NO IVA ART. 7, 4% CASSA ESENTE | AH4: Calcolato | AI4: =IF(D4="","",IF(COUNTIF('Periti SOL'!$A:$A,VALUE(D4))>0,IF(AH4="Calcolato","ERRORE: ID calcolato NON disponibile","OK - preesistente nei DB"),"OK")) -> OK | AJ4: =IF(D4="","",IF(LEFT(D4&"",1)=LEFT(C4&"",1),"OK","ERRORE: primo carattere diverso da TipoPerito")) -> OK
A5: 0228 | B5: =_xlfn.XLOOKUP(A5,'Part 1'!A:A,'Part 1'!B:B) -> 1 - PERSONA FISICA | C5: =_xlfn.XLOOKUP(A5,'Part 1'!A:A,'Part 1'!C:C) -> 5 - LEGALE | D5: 50005 | E5: {=_xlfn.XLOOKUP(A5,'Part 1'!$A$2:$A$4305,INDEX('Part 1'!$A$2:$AG$4305,0,MATCH(E$1,'Part 1'!$1:$1,0)))} -> 0 - NO | F5: {=_xlfn.XLOOKUP($A5,'Part 1'!$A$2:$A$4305,INDEX('Part 1'!$A$2:$AG$4305,0,MATCH(F$1,'Part 1'!$1:$1,0)))} -> FRANCESCO PAOLO | G5: {=_xlfn.XLOOKUP($A5,'Part 1'!$A$2:$A$4305,INDEX('Part 1'!$A$2:$AG$4305,0,MATCH(G$1,'Part 1'!$1:$1,0)))} -> MOLINELLI | H5: {=_xlfn.XLOOKUP($A5,'Part 1'!$A$2:$A$4305,INDEX('Part 1'!$A$2:$AG$4305,0,MATCH(H$1,'Part 1'!$1:$1,0)))} -> M - MASCHIO | I5: {=_xlfn.XLOOKUP($A5,'Part 1'!$A$2:$A$4305,INDEX('Part 1'!$A$2:$AG$4305,0,MATCH(I$1,'Part 1'!$1:$1,0)))} -> 05395790826 | J5: {=_xlfn.XLOOKUP($A5,'Part 1'!$A$2:$A$4305,INDEX('Part 1'!$A$2:$AG$4305,0,MATCH(J$1,'Part 1'!$1:$1,0)))} -> MLNFNC78H24G273Y | K5: {=_xlfn.XLOOKUP($A5,'Part 1'!$A$2:$A$4305,INDEX('Part 1'!$A$2:$AG$4305,0,MATCH(K$1,'Part 1'!$1:$1,0)))} -> 5 - LEGALE | L5: {=_xlfn.XLOOKUP($A5,'Part 1'!$A$2:$A$4305,INDEX('Part 1'!$A$2:$AG$4305,0,MATCH(L$1,'Part 1'!$1:$1,0)))} -> G273 - PALERMO | M5: {=_xlfn.XLOOKUP($A5,'Part 1'!$A$2:$A$4305,INDEX('Part 1'!$A$2:$AG$4305,0,MATCH(M$1,'Part 1'!$1:$1,0)))} -> PA | ... AG5: {=_xlfn.XLOOKUP($A5,'Part 1'!$A$2:$A$4305,INDEX('Part 1'!$A$2:$AG$4305,0,MATCH(AG$1,'Part 1'!$1:$1,0)))} -> 30 - Soggetto a IVA 22, R.A. e 4% Cassa Non Esente | AH5: Calcolato | AI5: =IF(D5="","",IF(COUNTIF('Periti SOL'!$A:$A,VALUE(D5))>0,IF(AH5="Calcolato","ERRORE: ID calcolato NON disponibile","OK - preesistente nei DB"),"OK")) -> OK | AJ5: =IF(D5="","",IF(LEFT(D5&"",1)=LEFT(C5&"",1),"OK","ERRORE: primo carattere diverso da TipoPerito")) -> OK
A6: 0234 | B6: =_xlfn.XLOOKUP(A6,'Part 1'!A:A,'Part 1'!B:B) -> 1 - PERSONA FISICA | C6: =_xlfn.XLOOKUP(A6,'Part 1'!A:A,'Part 1'!C:C) -> 4 - MEDICO | D6: 40000 | E6: {=_xlfn.XLOOKUP(A6,'Part 1'!$A$2:$A$4305,INDEX('Part 1'!$A$2:$AG$4305,0,MATCH(E$1,'Part 1'!$1:$1,0)))} -> 0 - NO | F6: {=_xlfn.XLOOKUP($A6,'Part 1'!$A$2:$A$4305,INDEX('Part 1'!$A$2:$AG$4305,0,MATCH(F$1,'Part 1'!$1:$1,0)))} -> GIAN LUCA | G6: {=_xlfn.XLOOKUP($A6,'Part 1'!$A$2:$A$4305,INDEX('Part 1'!$A$2:$AG$4305,0,MATCH(G$1,'Part 1'!$1:$1,0)))} -> BRUNO | H6: {=_xlfn.XLOOKUP($A6,'Part 1'!$A$2:$A$4305,INDEX('Part 1'!$A$2:$AG$4305,0,MATCH(H$1,'Part 1'!$1:$1,0)))} -> M - MASCHIO | I6: {=_xlfn.XLOOKUP($A6,'Part 1'!$A$2:$A$4305,INDEX('Part 1'!$A$2:$AG$4305,0,MATCH(I$1,'Part 1'!$1:$1,0)))} -> 01518740053 | J6: {=_xlfn.XLOOKUP($A6,'Part 1'!$A$2:$A$4305,INDEX('Part 1'!$A$2:$AG$4305,0,MATCH(J$1,'Part 1'!$1:$1,0)))} -> BRNGLC61A28L219V | K6: {=_xlfn.XLOOKUP($A6,'Part 1'!$A$2:$A$4305,INDEX('Part 1'!$A$2:$AG$4305,0,MATCH(K$1,'Part 1'!$1:$1,0)))} -> 4 - MEDICO | L6: {=_xlfn.XLOOKUP($A6,'Part 1'!$A$2:$A$4305,INDEX('Part 1'!$A$2:$AG$4305,0,MATCH(L$1,'Part 1'!$1:$1,0)))} -> L219 - TORINO | M6: {=_xlfn.XLOOKUP($A6,'Part 1'!$A$2:$A$4305,INDEX('Part 1'!$A$2:$AG$4305,0,MATCH(M$1,'Part 1'!$1:$1,0)))} -> TO | ... AG6: {=_xlfn.XLOOKUP($A6,'Part 1'!$A$2:$A$4305,INDEX('Part 1'!$A$2:$AG$4305,0,MATCH(AG$1,'Part 1'!$1:$1,0)))} -> 28 - Soggetto a IVA 22 e Ritenuta d'Acconto | AH6: Calcolato | AI6: =IF(D6="","",IF(COUNTIF('Periti SOL'!$A:$A,VALUE(D6))>0,IF(AH6="Calcolato","ERRORE: ID calcolato NON disponibile","OK - preesistente nei DB"),"OK")) -> OK | AJ6: =IF(D6="","",IF(LEFT(D6&"",1)=LEFT(C6&"",1),"OK","ERRORE: primo carattere diverso da TipoPerito")) -> OK
A7: 0241 | B7: =_xlfn.XLOOKUP(A7,'Part 1'!A:A,'Part 1'!B:B) -> 1 - PERSONA FISICA | C7: =_xlfn.XLOOKUP(A7,'Part 1'!A:A,'Part 1'!C:C) -> 5 - LEGALE | D7: 50007 | E7: {=_xlfn.XLOOKUP(A7,'Part 1'!$A$2:$A$4305,INDEX('Part 1'!$A$2:$AG$4305,0,MATCH(E$1,'Part 1'!$1:$1,0)))} -> 0 - NO | F7: {=_xlfn.XLOOKUP($A7,'Part 1'!$A$2:$A$4305,INDEX('Part 1'!$A$2:$AG$4305,0,MATCH(F$1,'Part 1'!$1:$1,0)))} -> RAFFAELE | G7: {=_xlfn.XLOOKUP($A7,'Part 1'!$A$2:$A$4305,INDEX('Part 1'!$A$2:$AG$4305,0,MATCH(G$1,'Part 1'!$1:$1,0)))} -> NAPOLITANO | H7: {=_xlfn.XLOOKUP($A7,'Part 1'!$A$2:$A$4305,INDEX('Part 1'!$A$2:$AG$4305,0,MATCH(H$1,'Part 1'!$1:$1,0)))} -> M - MASCHIO | I7: {=_xlfn.XLOOKUP($A7,'Part 1'!$A$2:$A$4305,INDEX('Part 1'!$A$2:$AG$4305,0,MATCH(I$1,'Part 1'!$1:$1,0)))} -> 05569051211 | J7: {=_xlfn.XLOOKUP($A7,'Part 1'!$A$2:$A$4305,INDEX('Part 1'!$A$2:$AG$4305,0,MATCH(J$1,'Part 1'!$1:$1,0)))} -> NPLRFL75H13F839T | K7: {=_xlfn.XLOOKUP($A7,'Part 1'!$A$2:$A$4305,INDEX('Part 1'!$A$2:$AG$4305,0,MATCH(K$1,'Part 1'!$1:$1,0)))} -> 5 - LEGALE | L7: {=_xlfn.XLOOKUP($A7,'Part 1'!$A$2:$A$4305,INDEX('Part 1'!$A$2:$AG$4305,0,MATCH(L$1,'Part 1'!$1:$1,0)))} -> G795 - POLLENA TROCCHIA | M7: {=_xlfn.XLOOKUP($A7,'Part 1'!$A$2:$A$4305,INDEX('Part 1'!$A$2:$AG$4305,0,MATCH(M$1,'Part 1'!$1:$1,0)))} -> NA | ... AG7: {=_xlfn.XLOOKUP($A7,'Part 1'!$A$2:$A$4305,INDEX('Part 1'!$A$2:$AG$4305,0,MATCH(AG$1,'Part 1'!$1:$1,0)))} -> 30 - Soggetto a IVA 22, R.A. e 4% Cassa Non Esente | AH7: Calcolato | AI7: =IF(D7="","",IF(COUNTIF('Periti SOL'!$A:$A,VALUE(D7))>0,IF(AH7="Calcolato","ERRORE: ID calcolato NON disponibile","OK - preesistente nei DB"),"OK")) -> OK | AJ7: =IF(D7="","",IF(LEFT(D7&"",1)=LEFT(C7&"",1),"OK","ERRORE: primo carattere diverso da TipoPerito")) -> OK
A8: 0242 | B8: =_xlfn.XLOOKUP(A8,'Part 1'!A:A,'Part 1'!B:B) -> 1 - PERSONA FISICA | C8: =_xlfn.XLOOKUP(A8,'Part 1'!A:A,'Part 1'!C:C) -> 5 - LEGALE | D8: 50009 | E8: {=_xlfn.XLOOKUP(A8,'Part 1'!$A$2:$A$4305,INDEX('Part 1'!$A$2:$AG$4305,0,MATCH(E$1,'Part 1'!$1:$1,0)))} -> 0 - NO | F8: {=_xlfn.XLOOKUP($A8,'Part 1'!$A$2:$A$4305,INDEX('Part 1'!$A$2:$AG$4305,0,MATCH(F$1,'Part 1'!$1:$1,0)))} -> ANTONIO | G8: {=_xlfn.XLOOKUP($A8,'Part 1'!$A$2:$A$4305,INDEX('Part 1'!$A$2:$AG$4305,0,MATCH(G$1,'Part 1'!$1:$1,0)))} -> LIVERANI | H8: {=_xlfn.XLOOKUP($A8,'Part 1'!$A$2:$A$4305,INDEX('Part 1'!$A$2:$AG$4305,0,MATCH(H$1,'Part 1'!$1:$1,0)))} -> M - MASCHIO | I8: {=_xlfn.XLOOKUP($A8,'Part 1'!$A$2:$A$4305,INDEX('Part 1'!$A$2:$AG$4305,0,MATCH(I$1,'Part 1'!$1:$1,0)))} -> 11974071000 | J8: {=_xlfn.XLOOKUP($A8,'Part 1'!$A$2:$A$4305,INDEX('Part 1'!$A$2:$AG$4305,0,MATCH(J$1,'Part 1'!$1:$1,0)))} -> LVRNTN58T26L219H | K8: {=_xlfn.XLOOKUP($A8,'Part 1'!$A$2:$A$4305,INDEX('Part 1'!$A$2:$AG$4305,0,MATCH(K$1,'Part 1'!$1:$1,0)))} -> 5 - LEGALE | L8: {=_xlfn.XLOOKUP($A8,'Part 1'!$A$2:$A$4305,INDEX('Part 1'!$A$2:$AG$4305,0,MATCH(L$1,'Part 1'!$1:$1,0)))} -> H501 - ROMA | M8: {=_xlfn.XLOOKUP($A8,'Part 1'!$A$2:$A$4305,INDEX('Part 1'!$A$2:$AG$4305,0,MATCH(M$1,'Part 1'!$1:$1,0)))} -> RM | ... AG8: {=_xlfn.XLOOKUP($A8,'Part 1'!$A$2:$A$4305,INDEX('Part 1'!$A$2:$AG$4305,0,MATCH(AG$1,'Part 1'!$1:$1,0)))} -> 30 - Soggetto a IVA 22, R.A. e 4% Cassa Non Esente | AH8: Calcolato | AI8: =IF(D8="","",IF(COUNTIF('Periti SOL'!$A:$A,VALUE(D8))>0,IF(AH8="Calcolato","ERRORE: ID calcolato NON disponibile","OK - preesistente nei DB"),"OK")) -> OK | AJ8: =IF(D8="","",IF(LEFT(D8&"",1)=LEFT(C8&"",1),"OK","ERRORE: primo carattere diverso da TipoPerito")) -> OK
A9: 0282 | B9: =_xlfn.XLOOKUP(A9,'Part 1'!A:A,'Part 1'!B:B) -> 1 - PERSONA FISICA | C9: =_xlfn.XLOOKUP(A9,'Part 1'!A:A,'Part 1'!C:C) -> 5 - LEGALE | D9: 50010 | E9: {=_xlfn.XLOOKUP(A9,'Part 1'!$A$2:$A$4305,INDEX('Part 1'!$A$2:$AG$4305,0,MATCH(E$1,'Part 1'!$1:$1,0)))} -> 0 - NO | F9: {=_xlfn.XLOOKUP($A9,'Part 1'!$A$2:$A$4305,INDEX('Part 1'!$A$2:$AG$4305,0,MATCH(F$1,'Part 1'!$1:$1,0)))} -> LUCIA | G9: {=_xlfn.XLOOKUP($A9,'Part 1'!$A$2:$A$4305,INDEX('Part 1'!$A$2:$AG$4305,0,MATCH(G$1,'Part 1'!$1:$1,0)))} -> PISCITELLI | H9: {=_xlfn.XLOOKUP($A9,'Part 1'!$A$2:$A$4305,INDEX('Part 1'!$A$2:$AG$4305,0,MATCH(H$1,'Part 1'!$1:$1,0)))} -> F - FEMMINA | I9: {=_xlfn.XLOOKUP($A9,'Part 1'!$A$2:$A$4305,INDEX('Part 1'!$A$2:$AG$4305,0,MATCH(I$1,'Part 1'!$1:$1,0)))} -> 03033690615 | J9: {=_xlfn.XLOOKUP($A9,'Part 1'!$A$2:$A$4305,INDEX('Part 1'!$A$2:$AG$4305,0,MATCH(J$1,'Part 1'!$1:$1,0)))} -> PSCLCU69P62I233T | K9: {=_xlfn.XLOOKUP($A9,'Part 1'!$A$2:$A$4305,INDEX('Part 1'!$A$2:$AG$4305,0,MATCH(K$1,'Part 1'!$1:$1,0)))} -> 5 - LEGALE | L9: {=_xlfn.XLOOKUP($A9,'Part 1'!$A$2:$A$4305,INDEX('Part 1'!$A$2:$AG$4305,0,MATCH(L$1,'Part 1'!$1:$1,0)))} -> B963 - CASERTA | M9: {=_xlfn.XLOOKUP($A9,'Part 1'!$A$2:$A$4305,INDEX('Part 1'!$A$2:$AG$4305,0,MATCH(M$1,'Part 1'!$1:$1,0)))} -> CE | ... AG9: {=_xlfn.XLOOKUP($A9,'Part 1'!$A$2:$A$4305,INDEX('Part 1'!$A$2:$AG$4305,0,MATCH(AG$1,'Part 1'!$1:$1,0)))} -> 30 - Soggetto a IVA 22, R.A. e 4% Cassa Non Esente | AH9: Calcolato | AI9: =IF(D9="","",IF(COUNTIF('Periti SOL'!$A:$A,VALUE(D9))>0,IF(AH9="Calcolato","ERRORE: ID calcolato NON disponibile","OK - preesistente nei DB"),"OK")) -> OK | AJ9: =IF(D9="","",IF(LEFT(D9&"",1)=LEFT(C9&"",1),"OK","ERRORE: primo carattere diverso da TipoPerito")) -> OK
A10: 0294 | B10: =_xlfn.XLOOKUP(A10,'Part 1'!A:A,'Part 1'!B:B) -> 0 - PERSONA GIURIDICA | C10: =_xlfn.XLOOKUP(A10,'Part 1'!A:A,'Part 1'!C:C) -> 2 - RE | D10: 20000 | E10: {=_xlfn.XLOOKUP(A10,'Part 1'!$A$2:$A$4305,INDEX('Part 1'!$A$2:$AG$4305,0,MATCH(E$1,'Part 1'!$1:$1,0)))} -> 0 - NO | F10: {=_xlfn.XLOOKUP($A10,'Part 1'!$A$2:$A$4305,INDEX('Part 1'!$A$2:$AG$4305,0,MATCH(F$1,'Part 1'!$1:$1,0)))} -> 0 | G10: {=_xlfn.XLOOKUP($A10,'Part 1'!$A$2:$A$4305,INDEX('Part 1'!$A$2:$AG$4305,0,MATCH(G$1,'Part 1'!$1:$1,0)))} -> DPF SRL | H10: {=_xlfn.XLOOKUP($A10,'Part 1'!$A$2:$A$4305,INDEX('Part 1'!$A$2:$AG$4305,0,MATCH(H$1,'Part 1'!$1:$1,0)))} -> S - SOCIETA | I10: {=_xlfn.XLOOKUP($A10,'Part 1'!$A$2:$A$4305,INDEX('Part 1'!$A$2:$AG$4305,0,MATCH(I$1,'Part 1'!$1:$1,0)))} -> 06031930016 | J10: {=_xlfn.XLOOKUP($A10,'Part 1'!$A$2:$A$4305,INDEX('Part 1'!$A$2:$AG$4305,0,MATCH(J$1,'Part 1'!$1:$1,0)))} -> 0 | K10: {=_xlfn.XLOOKUP($A10,'Part 1'!$A$2:$A$4305,INDEX('Part 1'!$A$2:$AG$4305,0,MATCH(K$1,'Part 1'!$1:$1,0)))} -> 2 - RE | L10: {=_xlfn.XLOOKUP($A10,'Part 1'!$A$2:$A$4305,INDEX('Part 1'!$A$2:$AG$4305,0,MATCH(L$1,'Part 1'!$1:$1,0)))} -> L219 - TORINO | M10: {=_xlfn.XLOOKUP($A10,'Part 1'!$A$2:$A$4305,INDEX('Part 1'!$A$2:$AG$4305,0,MATCH(M$1,'Part 1'!$1:$1,0)))} -> TO | ... AG10: {=_xlfn.XLOOKUP($A10,'Part 1'!$A$2:$A$4305,INDEX('Part 1'!$A$2:$AG$4305,0,MATCH(AG$1,'Part 1'!$1:$1,0)))} -> 25 - Soggetto a sola IVA 22 | AH10: Calcolato | AI10: =IF(D10="","",IF(COUNTIF('Periti SOL'!$A:$A,VALUE(D10))>0,IF(AH10="Calcolato","ERRORE: ID calcolato NON disponibile","OK - preesistente nei DB"),"OK")) -> OK | AJ10: =IF(D10="","",IF(LEFT(D10&"",1)=LEFT(C10&"",1),"OK","ERRORE: primo carattere diverso da TipoPerito")) -> OK
A11: 0308 | B11: =_xlfn.XLOOKUP(A11,'Part 1'!A:A,'Part 1'!B:B) -> 0 - PERSONA GIURIDICA | C11: =_xlfn.XLOOKUP(A11,'Part 1'!A:A,'Part 1'!C:C) -> 2 - RE | D11: 20003 | E11: {=_xlfn.XLOOKUP(A11,'Part 1'!$A$2:$A$4305,INDEX('Part 1'!$A$2:$AG$4305,0,MATCH(E$1,'Part 1'!$1:$1,0)))} -> 0 - NO | F11: {=_xlfn.XLOOKUP($A11,'Part 1'!$A$2:$A$4305,INDEX('Part 1'!$A$2:$AG$4305,0,MATCH(F$1,'Part 1'!$1:$1,0)))} -> 0 | G11: {=_xlfn.XLOOKUP($A11,'Part 1'!$A$2:$A$4305,INDEX('Part 1'!$A$2:$AG$4305,0,MATCH(G$1,'Part 1'!$1:$1,0)))} -> LERCARI SRL | H11: {=_xlfn.XLOOKUP($A11,'Part 1'!$A$2:$A$4305,INDEX('Part 1'!$A$2:$AG$4305,0,MATCH(H$1,'Part 1'!$1:$1,0)))} -> S - SOCIETA | I11: {=_xlfn.XLOOKUP($A11,'Part 1'!$A$2:$A$4305,INDEX('Part 1'!$A$2:$AG$4305,0,MATCH(I$1,'Part 1'!$1:$1,0)))} -> 07600220961 | J11: {=_xlfn.XLOOKUP($A11,'Part 1'!$A$2:$A$4305,INDEX('Part 1'!$A$2:$AG$4305,0,MATCH(J$1,'Part 1'!$1:$1,0)))} -> 0 | K11: {=_xlfn.XLOOKUP($A11,'Part 1'!$A$2:$A$4305,INDEX('Part 1'!$A$2:$AG$4305,0,MATCH(K$1,'Part 1'!$1:$1,0)))} -> 2 - RE | L11: {=_xlfn.XLOOKUP($A11,'Part 1'!$A$2:$A$4305,INDEX('Part 1'!$A$2:$AG$4305,0,MATCH(L$1,'Part 1'!$1:$1,0)))} -> F205 - MILANO | M11: {=_xlfn.XLOOKUP($A11,'Part 1'!$A$2:$A$4305,INDEX('Part 1'!$A$2:$AG$4305,0,MATCH(M$1,'Part 1'!$1:$1,0)))} -> MI | ... AG11: {=_xlfn.XLOOKUP($A11,'Part 1'!$A$2:$A$4305,INDEX('Part 1'!$A$2:$AG$4305,0,MATCH(AG$1,'Part 1'!$1:$1,0)))} -> 25 - Soggetto a sola IVA 22 | AH11: Calcolato | AI11: =IF(D11="","",IF(COUNTIF('Periti SOL'!$A:$A,VALUE(D11))>0,IF(AH11="Calcolato","ERRORE: ID calcolato NON disponibile","OK - preesistente nei DB"),"OK")) -> OK | AJ11: =IF(D11="","",IF(LEFT(D11&"",1)=LEFT(C11&"",1),"OK","ERRORE: primo carattere diverso da TipoPerito")) -> OK
A12: 0312 | B12: =_xlfn.XLOOKUP(A12,'Part 1'!A:A,'Part 1'!B:B) -> 1 - PERSONA FISICA | C12: =_xlfn.XLOOKUP(A12,'Part 1'!A:A,'Part 1'!C:C) -> 5 - LEGALE | D12: 50013 | E12: {=_xlfn.XLOOKUP(A12,'Part 1'!$A$2:$A$4305,INDEX('Part 1'!$A$2:$AG$4305,0,MATCH(E$1,'Part 1'!$1:$1,0)))} -> 0 - NO | F12: {=_xlfn.XLOOKUP($A12,'Part 1'!$A$2:$A$4305,INDEX('Part 1'!$A$2:$AG$4305,0,MATCH(F$1,'Part 1'!$1:$1,0)))} -> ANTONIO | G12: {=_xlfn.XLOOKUP($A12,'Part 1'!$A$2:$A$4305,INDEX('Part 1'!$A$2:$AG$4305,0,MATCH(G$1,'Part 1'!$1:$1,0)))} -> PETRAROLO | H12: {=_xlfn.XLOOKUP($A12,'Part 1'!$A$2:$A$4305,INDEX('Part 1'!$A$2:$AG$4305,0,MATCH(H$1,'Part 1'!$1:$1,0)))} -> M - MASCHIO | I12: {=_xlfn.XLOOKUP($A12,'Part 1'!$A$2:$A$4305,INDEX('Part 1'!$A$2:$AG$4305,0,MATCH(I$1,'Part 1'!$1:$1,0)))} -> 03951750615 | J12: {=_xlfn.XLOOKUP($A12,'Part 1'!$A$2:$A$4305,INDEX('Part 1'!$A$2:$AG$4305,0,MATCH(J$1,'Part 1'!$1:$1,0)))} -> PTRNTN59T14D228P | K12: {=_xlfn.XLOOKUP($A12,'Part 1'!$A$2:$A$4305,INDEX('Part 1'!$A$2:$AG$4305,0,MATCH(K$1,'Part 1'!$1:$1,0)))} -> 5 - LEGALE | L12: {=_xlfn.XLOOKUP($A12,'Part 1'!$A$2:$A$4305,INDEX('Part 1'!$A$2:$AG$4305,0,MATCH(L$1,'Part 1'!$1:$1,0)))} -> I234 - SANTA MARIA CAPUA VETERE | M12: {=_xlfn.XLOOKUP($A12,'Part 1'!$A$2:$A$4305,INDEX('Part 1'!$A$2:$AG$4305,0,MATCH(M$1,'Part 1'!$1:$1,0)))} -> CE | ... AG12: {=_xlfn.XLOOKUP($A12,'Part 1'!$A$2:$A$4305,INDEX('Part 1'!$A$2:$AG$4305,0,MATCH(AG$1,'Part 1'!$1:$1,0)))} -> 30 - Soggetto a IVA 22, R.A. e 4% Cassa Non Esente | AH12: Calcolato | AI12: =IF(D12="","",IF(COUNTIF('Periti SOL'!$A:$A,VALUE(D12))>0,IF(AH12="Calcolato","ERRORE: ID calcolato NON disponibile","OK - preesistente nei DB"),"OK")) -> OK | AJ12: =IF(D12="","",IF(LEFT(D12&"",1)=LEFT(C12&"",1),"OK","ERRORE: primo carattere diverso da TipoPerito")) -> OK
A13: 0320 | B13: =_xlfn.XLOOKUP(A13,'Part 1'!A:A,'Part 1'!B:B) -> 1 - PERSONA FISICA | C13: =_xlfn.XLOOKUP(A13,'Part 1'!A:A,'Part 1'!C:C) -> 5 - LEGALE | D13: 50014 | E13: {=_xlfn.XLOOKUP(A13,'Part 1'!$A$2:$A$4305,INDEX('Part 1'!$A$2:$AG$4305,0,MATCH(E$1,'Part 1'!$1:$1,0)))} -> 0 - NO | F13: {=_xlfn.XLOOKUP($A13,'Part 1'!$A$2:$A$4305,INDEX('Part 1'!$A$2:$AG$4305,0,MATCH(F$1,'Part 1'!$1:$1,0)))} -> VINCENZO | G13: {=_xlfn.XLOOKUP($A13,'Part 1'!$A$2:$A$4305,INDEX('Part 1'!$A$2:$AG$4305,0,MATCH(G$1,'Part 1'!$1:$1,0)))} -> ROGNONI | H13: {=_xlfn.XLOOKUP($A13,'Part 1'!$A$2:$A$4305,INDEX('Part 1'!$A$2:$AG$4305,0,MATCH(H$1,'Part 1'!$1:$1,0)))} -> M - MASCHIO | I13: {=_xlfn.XLOOKUP($A13,'Part 1'!$A$2:$A$4305,INDEX('Part 1'!$A$2:$AG$4305,0,MATCH(I$1,'Part 1'!$1:$1,0)))} -> 03311300176 | J13: {=_xlfn.XLOOKUP($A13,'Part 1'!$A$2:$A$4305,INDEX('Part 1'!$A$2:$AG$4305,0,MATCH(J$1,'Part 1'!$1:$1,0)))} -> RGNVCN64T10G388S | K13: {=_xlfn.XLOOKUP($A13,'Part 1'!$A$2:$A$4305,INDEX('Part 1'!$A$2:$AG$4305,0,MATCH(K$1,'Part 1'!$1:$1,0)))} -> 5 - LEGALE | L13: {=_xlfn.XLOOKUP($A13,'Part 1'!$A$2:$A$4305,INDEX('Part 1'!$A$2:$AG$4305,0,MATCH(L$1,'Part 1'!$1:$1,0)))} -> B157 - BRESCIA | M13: {=_xlfn.XLOOKUP($A13,'Part 1'!$A$2:$A$4305,INDEX('Part 1'!$A$2:$AG$4305,0,MATCH(M$1,'Part 1'!$1:$1,0)))} -> BS | ... AG13: {=_xlfn.XLOOKUP($A13,'Part 1'!$A$2:$A$4305,INDEX('Part 1'!$A$2:$AG$4305,0,MATCH(AG$1,'Part 1'!$1:$1,0)))} -> 30 - Soggetto a IVA 22, R.A. e 4% Cassa Non Esente | AH13: Calcolato | AI13: =IF(D13="","",IF(COUNTIF('Periti SOL'!$A:$A,VALUE(D13))>0,IF(AH13="Calcolato","ERRORE: ID calcolato NON disponibile","OK - preesistente nei DB"),"OK")) -> OK | AJ13: =IF(D13="","",IF(LEFT(D13&"",1)=LEFT(C13&"",1),"OK","ERRORE: primo carattere diverso da TipoPerito")) -> OK
A14: 0328 | B14: =_xlfn.XLOOKUP(A14,'Part 1'!A:A,'Part 1'!B:B) -> 0 - PERSONA GIURIDICA | C14: =_xlfn.XLOOKUP(A14,'Part 1'!A:A,'Part 1'!C:C) -> 5 - LEGALE | D14: 50017 | E14: {=_xlfn.XLOOKUP(A14,'Part 1'!$A$2:$A$4305,INDEX('Part 1'!$A$2:$AG$4305,0,MATCH(E$1,'Part 1'!$1:$1,0)))} -> 0 - NO | F14: {=_xlfn.XLOOKUP($A14,'Part 1'!$A$2:$A$4305,INDEX('Part 1'!$A$2:$AG$4305,0,MATCH(F$1,'Part 1'!$1:$1,0)))} -> 0 | G14: {=_xlfn.XLOOKUP($A14,'Part 1'!$A$2:$A$4305,INDEX('Part 1'!$A$2:$AG$4305,0,MATCH(G$1,'Part 1'!$1:$1,0)))} -> SPAGNOLO STUDIO LEGALE ASSOCIATO | H14: {=_xlfn.XLOOKUP($A14,'Part 1'!$A$2:$A$4305,INDEX('Part 1'!$A$2:$AG$4305,0,MATCH(H$1,'Part 1'!$1:$1,0)))} -> S - SOCIETA | I14: {=_xlfn.XLOOKUP($A14,'Part 1'!$A$2:$A$4305,INDEX('Part 1'!$A$2:$AG$4305,0,MATCH(I$1,'Part 1'!$1:$1,0)))} -> 04016560874 | J14: {=_xlfn.XLOOKUP($A14,'Part 1'!$A$2:$A$4305,INDEX('Part 1'!$A$2:$AG$4305,0,MATCH(J$1,'Part 1'!$1:$1,0)))} -> 04016560874 | K14: {=_xlfn.XLOOKUP($A14,'Part 1'!$A$2:$A$4305,INDEX('Part 1'!$A$2:$AG$4305,0,MATCH(K$1,'Part 1'!$1:$1,0)))} -> 5 - LEGALE | L14: {=_xlfn.XLOOKUP($A14,'Part 1'!$A$2:$A$4305,INDEX('Part 1'!$A$2:$AG$4305,0,MATCH(L$1,'Part 1'!$1:$1,0)))} -> C351 - CATANIA | M14: {=_xlfn.XLOOKUP($A14,'Part 1'!$A$2:$A$4305,INDEX('Part 1'!$A$2:$AG$4305,0,MATCH(M$1,'Part 1'!$1:$1,0)))} -> CT | ... AG14: {=_xlfn.XLOOKUP($A14,'Part 1'!$A$2:$A$4305,INDEX('Part 1'!$A$2:$AG$4305,0,MATCH(AG$1,'Part 1'!$1:$1,0)))} -> 30 - Soggetto a IVA 22, R.A. e 4% Cassa Non Esente | AH14: Calcolato | AI14: =IF(D14="","",IF(COUNTIF('Periti SOL'!$A:$A,VALUE(D14))>0,IF(AH14="Calcolato","ERRORE: ID calcolato NON disponibile","OK - preesistente nei DB"),"OK")) -> OK | AJ14: =IF(D14="","",IF(LEFT(D14&"",1)=LEFT(C14&"",1),"OK","ERRORE: primo carattere diverso da TipoPerito")) -> OK
... A265: 10017197 | B265: =_xlfn.XLOOKUP(A265,'Part 1'!A:A,'Part 1'!B:B) -> 1 - PERSONA FISICA | C265: =_xlfn.XLOOKUP(A265,'Part 1'!A:A,'Part 1'!C:C) -> 1 - AUTO | D265: 10160 | E265: {=_xlfn.XLOOKUP(A265,'Part 1'!$A$2:$A$4305,INDEX('Part 1'!$A$2:$AG$4305,0,MATCH(E$1,'Part 1'!$1:$1,0)))} -> 0 - NO | F265: {=_xlfn.XLOOKUP($A265,'Part 1'!$A$2:$A$4305,INDEX('Part 1'!$A$2:$AG$4305,0,MATCH(F$1,'Part 1'!$1:$1,0)))} -> 0 | G265: {=_xlfn.XLOOKUP($A265,'Part 1'!$A$2:$A$4305,INDEX('Part 1'!$A$2:$AG$4305,0,MATCH(G$1,'Part 1'!$1:$1,0)))} -> MARTINELLI PIER LUIGI | H265: {=_xlfn.XLOOKUP($A265,'Part 1'!$A$2:$A$4305,INDEX('Part 1'!$A$2:$AG$4305,0,MATCH(H$1,'Part 1'!$1:$1,0)))} -> 0 | I265: {=_xlfn.XLOOKUP($A265,'Part 1'!$A$2:$A$4305,INDEX('Part 1'!$A$2:$AG$4305,0,MATCH(I$1,'Part 1'!$1:$1,0)))} -> 01056900465 | J265: {=_xlfn.XLOOKUP($A265,'Part 1'!$A$2:$A$4305,INDEX('Part 1'!$A$2:$AG$4305,0,MATCH(J$1,'Part 1'!$1:$1,0)))} -> MRTPLG57T20B455J | K265: {=_xlfn.XLOOKUP($A265,'Part 1'!$A$2:$A$4305,INDEX('Part 1'!$A$2:$AG$4305,0,MATCH(K$1,'Part 1'!$1:$1,0)))} -> 1 - AUTO | L265: {=_xlfn.XLOOKUP($A265,'Part 1'!$A$2:$A$4305,INDEX('Part 1'!$A$2:$AG$4305,0,MATCH(L$1,'Part 1'!$1:$1,0)))} -> B455 - CAMAIORE | M265: {=_xlfn.XLOOKUP($A265,'Part 1'!$A$2:$A$4305,INDEX('Part 1'!$A$2:$AG$4305,0,MATCH(M$1,'Part 1'!$1:$1,0)))} -> LU | ... AG265: {=_xlfn.XLOOKUP($A265,'Part 1'!$A$2:$A$4305,INDEX('Part 1'!$A$2:$AG$4305,0,MATCH(AG$1,'Part 1'!$1:$1,0)))} -> 49 - NO IVA BERSANI, 4% INPS NON ESENTE | AH265: Calcolato | AI265: =IF(D265="","",IF(COUNTIF('Periti SOL'!$A:$A,VALUE(D265))>0,IF(AH265="Calcolato","ERRORE: ID calcolato NON disponibile","OK - preesistente nei DB"),"OK")) -> OK | AJ265: =IF(D265="","",IF(LEFT(D265&"",1)=LEFT(C265&"",1),"OK","ERRORE: primo carattere diverso da TipoPerito")) -> OK
A266: 10060 | B266: =_xlfn.XLOOKUP(A266,'Part 1'!A:A,'Part 1'!B:B) -> 0 - PERSONA GIURIDICA | C266: =_xlfn.XLOOKUP(A266,'Part 1'!A:A,'Part 1'!C:C) -> 1 - AUTO | D266: =_xlfn.XLOOKUP(A266,'Part 1'!A:A,'Part 1'!D:D) -> 10060 | E266: {=_xlfn.XLOOKUP(A266,'Part 1'!$A$2:$A$4305,INDEX('Part 1'!$A$2:$AG$4305,0,MATCH(E$1,'Part 1'!$1:$1,0)))} -> 0 - NO | F266: {=_xlfn.XLOOKUP(B266,'Part 1'!$A$2:$A$4305,INDEX('Part 1'!$A$2:$AG$4305,0,MATCH($E1,'Part 1'!$1:$1,0)))} -> #N/A | G266: =MATCH(E1,'Part 1'!1:1,0) -> 5 | AH266: Preesistente | AI266: =IF(D266="","",IF(COUNTIF('Periti SOL'!$A:$A,VALUE(D266))>0,IF(AH266="Calcolato","ERRORE: ID calcolato NON disponibile","OK - preesistente nei DB"),"OK")) -> OK - preesistente nei DB | AJ266: =IF(D266="","",IF(LEFT(D266&"",1)=LEFT(C266&"",1),"OK","ERRORE: primo carattere diverso da TipoPerito")) -> OK
A267: 10072 | B267: =_xlfn.XLOOKUP(A267,'Part 1'!A:A,'Part 1'!B:B) -> 0 - PERSONA GIURIDICA | C267: =_xlfn.XLOOKUP(A267,'Part 1'!A:A,'Part 1'!C:C) -> 1 - AUTO | D267: =_xlfn.XLOOKUP(A267,'Part 1'!A:A,'Part 1'!D:D) -> 10072 | E267: {=_xlfn.XLOOKUP(A267,'Part 1'!$A$2:$A$4305,INDEX('Part 1'!$A$2:$AG$4305,0,MATCH(E$1,'Part 1'!$1:$1,0)))} -> 0 - NO | AH267: Preesistente | AI267: =IF(D267="","",IF(COUNTIF('Periti SOL'!$A:$A,VALUE(D267))>0,IF(AH267="Calcolato","ERRORE: ID calcolato NON disponibile","OK - preesistente nei DB"),"OK")) -> OK - preesistente nei DB | AJ267: =IF(D267="","",IF(LEFT(D267&"",1)=LEFT(C267&"",1),"OK","ERRORE: primo carattere diverso da TipoPerito")) -> OK
A268: 10103 | B268: =_xlfn.XLOOKUP(A268,'Part 1'!A:A,'Part 1'!B:B) -> 1 - PERSONA FISICA | C268: =_xlfn.XLOOKUP(A268,'Part 1'!A:A,'Part 1'!C:C) -> 1 - AUTO | D268: =_xlfn.XLOOKUP(A268,'Part 1'!A:A,'Part 1'!D:D) -> 10103 | E268: {=_xlfn.XLOOKUP(A268,'Part 1'!$A$2:$A$4305,INDEX('Part 1'!$A$2:$AG$4305,0,MATCH(E$1,'Part 1'!$1:$1,0)))} -> 0 - NO | AH268: Preesistente | AI268: =IF(D268="","",IF(COUNTIF('Periti SOL'!$A:$A,VALUE(D268))>0,IF(AH268="Calcolato","ERRORE: ID calcolato NON disponibile","OK - preesistente nei DB"),"OK")) -> OK - preesistente nei DB | AJ268: =IF(D268="","",IF(LEFT(D268&"",1)=LEFT(C268&"",1),"OK","ERRORE: primo carattere diverso da TipoPerito")) -> OK
A269: 10106 | B269: =_xlfn.XLOOKUP(A269,'Part 1'!A:A,'Part 1'!B:B) -> 0 - PERSONA GIURIDICA | C269: =_xlfn.XLOOKUP(A269,'Part 1'!A:A,'Part 1'!C:C) -> 1 - AUTO | D269: =_xlfn.XLOOKUP(A269,'Part 1'!A:A,'Part 1'!D:D) -> 10106 | E269: {=_xlfn.XLOOKUP(A269,'Part 1'!$A$2:$A$4305,INDEX('Part 1'!$A$2:$AG$4305,0,MATCH(E$1,'Part 1'!$1:$1,0)))} -> 0 - NO | AH269: Preesistente | AI269: =IF(D269="","",IF(COUNTIF('Periti SOL'!$A:$A,VALUE(D269))>0,IF(AH269="Calcolato","ERRORE: ID calcolato NON disponibile","OK - preesistente nei DB"),"OK")) -> OK - preesistente nei DB | AJ269: =IF(D269="","",IF(LEFT(D269&"",1)=LEFT(C269&"",1),"OK","ERRORE: primo carattere diverso da TipoPerito")) -> OK
A270: 10115 | B270: =_xlfn.XLOOKUP(A270,'Part 1'!A:A,'Part 1'!B:B) -> 0 - PERSONA GIURIDICA | C270: =_xlfn.XLOOKUP(A270,'Part 1'!A:A,'Part 1'!C:C) -> 1 - AUTO | D270: =_xlfn.XLOOKUP(A270,'Part 1'!A:A,'Part 1'!D:D) -> 10115 | E270: {=_xlfn.XLOOKUP(A270,'Part 1'!$A$2:$A$4305,INDEX('Part 1'!$A$2:$AG$4305,0,MATCH(E$1,'Part 1'!$1:$1,0)))} -> 0 - NO | AH270: Preesistente | AI270: =IF(D270="","",IF(COUNTIF('Periti SOL'!$A:$A,VALUE(D270))>0,IF(AH270="Calcolato","ERRORE: ID calcolato NON disponibile","OK - preesistente nei DB"),"OK")) -> OK - preesistente nei DB | AJ270: =IF(D270="","",IF(LEFT(D270&"",1)=LEFT(C270&"",1),"OK","ERRORE: primo carattere diverso da TipoPerito")) -> OK
A271: 1012 | B271: =_xlfn.XLOOKUP(A271,'Part 1'!A:A,'Part 1'!B:B) -> 0 - PERSONA GIURIDICA | C271: =_xlfn.XLOOKUP(A271,'Part 1'!A:A,'Part 1'!C:C) -> 5 - LEGALE | D271: 50149 | E271: {=_xlfn.XLOOKUP(A271,'Part 1'!$A$2:$A$4305,INDEX('Part 1'!$A$2:$AG$4305,0,MATCH(E$1,'Part 1'!$1:$1,0)))} -> 0 - NO | AH271: Calcolato | AI271: =IF(D271="","",IF(COUNTIF('Periti SOL'!$A:$A,VALUE(D271))>0,IF(AH271="Calcolato","ERRORE: ID calcolato NON disponibile","OK - preesistente nei DB"),"OK")) -> OK | AJ271: =IF(D271="","",IF(LEFT(D271&"",1)=LEFT(C271&"",1),"OK","ERRORE: primo carattere diverso da TipoPerito")) -> OK
A272: 1013 | B272: =_xlfn.XLOOKUP(A272,'Part 1'!A:A,'Part 1'!B:B) -> 1 - PERSONA FISICA | C272: =_xlfn.XLOOKUP(A272,'Part 1'!A:A,'Part 1'!C:C) -> 5 - LEGALE | D272: 50151 | E272: {=_xlfn.XLOOKUP(A272,'Part 1'!$A$2:$A$4305,INDEX('Part 1'!$A$2:$AG$4305,0,MATCH(E$1,'Part 1'!$1:$1,0)))} -> 0 - NO | AH272: Calcolato | AI272: =IF(D272="","",IF(COUNTIF('Periti SOL'!$A:$A,VALUE(D272))>0,IF(AH272="Calcolato","ERRORE: ID calcolato NON disponibile","OK - preesistente nei DB"),"OK")) -> OK | AJ272: =IF(D272="","",IF(LEFT(D272&"",1)=LEFT(C272&"",1),"OK","ERRORE: primo carattere diverso da TipoPerito")) -> OK
A273: 1014 | B273: =_xlfn.XLOOKUP(A273,'Part 1'!A:A,'Part 1'!B:B) -> 1 - PERSONA FISICA | C273: =_xlfn.XLOOKUP(A273,'Part 1'!A:A,'Part 1'!C:C) -> 4 - MEDICO | D273: 40305 | E273: {=_xlfn.XLOOKUP(A273,'Part 1'!$A$2:$A$4305,INDEX('Part 1'!$A$2:$AG$4305,0,MATCH(E$1,'Part 1'!$1:$1,0)))} -> 0 - NO | AH273: Calcolato | AI273: =IF(D273="","",IF(COUNTIF('Periti SOL'!$A:$A,VALUE(D273))>0,IF(AH273="Calcolato","ERRORE: ID calcolato NON disponibile","OK - preesistente nei DB"),"OK")) -> OK | AJ273: =IF(D273="","",IF(LEFT(D273&"",1)=LEFT(C273&"",1),"OK","ERRORE: primo carattere diverso da TipoPerito")) -> OK
A274: 1015 | B274: =_xlfn.XLOOKUP(A274,'Part 1'!A:A,'Part 1'!B:B) -> 1 - PERSONA FISICA | C274: =_xlfn.XLOOKUP(A274,'Part 1'!A:A,'Part 1'!C:C) -> 1 - AUTO | D274: 10161 | E274: {=_xlfn.XLOOKUP(A274,'Part 1'!$A$2:$A$4305,INDEX('Part 1'!$A$2:$AG$4305,0,MATCH(E$1,'Part 1'!$1:$1,0)))} -> 0 - NO | AH274: Calcolato | AI274: =IF(D274="","",IF(COUNTIF('Periti SOL'!$A:$A,VALUE(D274))>0,IF(AH274="Calcolato","ERRORE: ID calcolato NON disponibile","OK - preesistente nei DB"),"OK")) -> OK | AJ274: =IF(D274="","",IF(LEFT(D274&"",1)=LEFT(C274&"",1),"OK","ERRORE: primo carattere diverso da TipoPerito")) -> OK
A275: 1018 | B275: =_xlfn.XLOOKUP(A275,'Part 1'!A:A,'Part 1'!B:B) -> 1 - PERSONA FISICA | C275: =_xlfn.XLOOKUP(A275,'Part 1'!A:A,'Part 1'!C:C) -> 1 - AUTO | D275: 10162 | E275: {=_xlfn.XLOOKUP(A275,'Part 1'!$A$2:$A$4305,INDEX('Part 1'!$A$2:$AG$4305,0,MATCH(E$1,'Part 1'!$1:$1,0)))} -> 0 - NO | AH275: Calcolato | AI275: =IF(D275="","",IF(COUNTIF('Periti SOL'!$A:$A,VALUE(D275))>0,IF(AH275="Calcolato","ERRORE: ID calcolato NON disponibile","OK - preesistente nei DB"),"OK")) -> OK | AJ275: =IF(D275="","",IF(LEFT(D275&"",1)=LEFT(C275&"",1),"OK","ERRORE: primo carattere diverso da TipoPerito")) -> OK
A276: 1019 | B276: =_xlfn.XLOOKUP(A276,'Part 1'!A:A,'Part 1'!B:B) -> 1 - PERSONA FISICA | C276: =_xlfn.XLOOKUP(A276,'Part 1'!A:A,'Part 1'!C:C) -> 4 - MEDICO | D276: 40338 | E276: {=_xlfn.XLOOKUP(A276,'Part 1'!$A$2:$A$4305,INDEX('Part 1'!$A$2:$AG$4305,0,MATCH(E$1,'Part 1'!$1:$1,0)))} -> 0 - NO | AH276: Calcolato | AI276: =IF(D276="","",IF(COUNTIF('Periti SOL'!$A:$A,VALUE(D276))>0,IF(AH276="Calcolato","ERRORE: ID calcolato NON disponibile","OK - preesistente nei DB"),"OK")) -> OK | AJ276: =IF(D276="","",IF(LEFT(D276&"",1)=LEFT(C276&"",1),"OK","ERRORE: primo carattere diverso da TipoPerito")) -> OK
A277: 10191 | B277: =_xlfn.XLOOKUP(A277,'Part 1'!A:A,'Part 1'!B:B) -> 1 - PERSONA FISICA | C277: =_xlfn.XLOOKUP(A277,'Part 1'!A:A,'Part 1'!C:C) -> 1 - AUTO | D277: =_xlfn.XLOOKUP(A277,'Part 1'!A:A,'Part 1'!D:D) -> 10191 | E277: {=_xlfn.XLOOKUP(A277,'Part 1'!$A$2:$A$4305,INDEX('Part 1'!$A$2:$AG$4305,0,MATCH(E$1,'Part 1'!$1:$1,0)))} -> 0 - NO | AH277: Preesistente | AI277: =IF(D277="","",IF(COUNTIF('Periti SOL'!$A:$A,VALUE(D277))>0,IF(AH277="Calcolato","ERRORE: ID calcolato NON disponibile","OK - preesistente nei DB"),"OK")) -> OK - preesistente nei DB | AJ277: =IF(D277="","",IF(LEFT(D277&"",1)=LEFT(C277&"",1),"OK","ERRORE: primo carattere diverso da TipoPerito")) -> OK
A278: 1022 | B278: =_xlfn.XLOOKUP(A278,'Part 1'!A:A,'Part 1'!B:B) -> 1 - PERSONA FISICA | C278: =_xlfn.XLOOKUP(A278,'Part 1'!A:A,'Part 1'!C:C) -> 4 - MEDICO | D278: 40339 | E278: {=_xlfn.XLOOKUP(A278,'Part 1'!$A$2:$A$4305,INDEX('Part 1'!$A$2:$AG$4305,0,MATCH(E$1,'Part 1'!$1:$1,0)))} -> 0 - NO | AH278: Calcolato | AI278: =IF(D278="","",IF(COUNTIF('Periti SOL'!$A:$A,VALUE(D278))>0,IF(AH278="Calcolato","ERRORE: ID calcolato NON disponibile","OK - preesistente nei DB"),"OK")) -> OK | AJ278: =IF(D278="","",IF(LEFT(D278&"",1)=LEFT(C278&"",1),"OK","ERRORE: primo carattere diverso da TipoPerito")) -> OK
A279: 10220 | B279: =_xlfn.XLOOKUP(A279,'Part 1'!A:A,'Part 1'!B:B) -> 1 - PERSONA FISICA | C279: =_xlfn.XLOOKUP(A279,'Part 1'!A:A,'Part 1'!C:C) -> 1 - AUTO | D279: =_xlfn.XLOOKUP(A279,'Part 1'!A:A,'Part 1'!D:D) -> 10220 | E279: {=_xlfn.XLOOKUP(A279,'Part 1'!$A$2:$A$4305,INDEX('Part 1'!$A$2:$AG$4305,0,MATCH(E$1,'Part 1'!$1:$1,0)))} -> 0 - NO | AH279: Preesistente | AI279: =IF(D279="","",IF(COUNTIF('Periti SOL'!$A:$A,VALUE(D279))>0,IF(AH279="Calcolato","ERRORE: ID calcolato NON disponibile","OK - preesistente nei DB"),"OK")) -> OK - preesistente nei DB | AJ279: =IF(D279="","",IF(LEFT(D279&"",1)=LEFT(C279&"",1),"OK","ERRORE: primo carattere diverso da TipoPerito")) -> OK
A280: 10225 | B280: =_xlfn.XLOOKUP(A280,'Part 1'!A:A,'Part 1'!B:B) -> 0 - PERSONA GIURIDICA | C280: =_xlfn.XLOOKUP(A280,'Part 1'!A:A,'Part 1'!C:C) -> 1 - AUTO | D280: =_xlfn.XLOOKUP(A280,'Part 1'!A:A,'Part 1'!D:D) -> 10225 | E280: {=_xlfn.XLOOKUP(A280,'Part 1'!$A$2:$A$4305,INDEX('Part 1'!$A$2:$AG$4305,0,MATCH(E$1,'Part 1'!$1:$1,0)))} -> 0 - NO | AH280: Preesistente | AI280: =IF(D280="","",IF(COUNTIF('Periti SOL'!$A:$A,VALUE(D280))>0,IF(AH280="Calcolato","ERRORE: ID calcolato NON disponibile","OK - preesistente nei DB"),"OK")) -> OK - preesistente nei DB | AJ280: =IF(D280="","",IF(LEFT(D280&"",1)=LEFT(C280&"",1),"OK","ERRORE: primo carattere diverso da TipoPerito")) -> OK
A281: 10256 | B281: =_xlfn.XLOOKUP(A281,'Part 1'!A:A,'Part 1'!B:B) -> 1 - PERSONA FISICA | C281: =_xlfn.XLOOKUP(A281,'Part 1'!A:A,'Part 1'!C:C) -> 1 - AUTO | D281: =_xlfn.XLOOKUP(A281,'Part 1'!A:A,'Part 1'!D:D) -> 10256 | E281: {=_xlfn.XLOOKUP(A281,'Part 1'!$A$2:$A$4305,INDEX('Part 1'!$A$2:$AG$4305,0,MATCH(E$1,'Part 1'!$1:$1,0)))} -> 0 - NO | AH281: Preesistente | AI281: =IF(D281="","",IF(COUNTIF('Periti SOL'!$A:$A,VALUE(D281))>0,IF(AH281="Calcolato","ERRORE: ID calcolato NON disponibile","OK - preesistente nei DB"),"OK")) -> OK - preesistente nei DB | AJ281: =IF(D281="","",IF(LEFT(D281&"",1)=LEFT(C281&"",1),"OK","ERRORE: primo carattere diverso da TipoPerito")) -> OK
A282: 10266 | B282: =_xlfn.XLOOKUP(A282,'Part 1'!A:A,'Part 1'!B:B) -> 0 - PERSONA GIURIDICA | C282: =_xlfn.XLOOKUP(A282,'Part 1'!A:A,'Part 1'!C:C) -> 1 - AUTO | D282: 10164 | E282: {=_xlfn.XLOOKUP(A282,'Part 1'!$A$2:$A$4305,INDEX('Part 1'!$A$2:$AG$4305,0,MATCH(E$1,'Part 1'!$1:$1,0)))} -> 0 - NO | AH282: Calcolato | AI282: =IF(D282="","",IF(COUNTIF('Periti SOL'!$A:$A,VALUE(D282))>0,IF(AH282="Calcolato","ERRORE: ID calcolato NON disponibile","OK - preesistente nei DB"),"OK")) -> OK | AJ282: =IF(D282="","",IF(LEFT(D282&"",1)=LEFT(C282&"",1),"OK","ERRORE: primo carattere diverso da TipoPerito")) -> OK
A283: 1029 | B283: =_xlfn.XLOOKUP(A283,'Part 1'!A:A,'Part 1'!B:B) -> 1 - PERSONA FISICA | C283: =_xlfn.XLOOKUP(A283,'Part 1'!A:A,'Part 1'!C:C) -> 4 - MEDICO | D283: 40410 | E283: {=_xlfn.XLOOKUP(A283,'Part 1'!$A$2:$A$4305,INDEX('Part 1'!$A$2:$AG$4305,0,MATCH(E$1,'Part 1'!$1:$1,0)))} -> 0 - NO | AH283: Calcolato | AI283: =IF(D283="","",IF(COUNTIF('Periti SOL'!$A:$A,VALUE(D283))>0,IF(AH283="Calcolato","ERRORE: ID calcolato NON disponibile","OK - preesistente nei DB"),"OK")) -> OK | AJ283: =IF(D283="","",IF(LEFT(D283&"",1)=LEFT(C283&"",1),"OK","ERRORE: primo carattere diverso da TipoPerito")) -> OK
A284: 1030 | B284: =_xlfn.XLOOKUP(A284,'Part 1'!A:A,'Part 1'!B:B) -> 1 - PERSONA FISICA | C284: =_xlfn.XLOOKUP(A284,'Part 1'!A:A,'Part 1'!C:C) -> 4 - MEDICO | D284: 40411 | E284: {=_xlfn.XLOOKUP(A284,'Part 1'!$A$2:$A$4305,INDEX('Part 1'!$A$2:$AG$4305,0,MATCH(E$1,'Part 1'!$1:$1,0)))} -> 0 - NO | AH284: Calcolato | AI284: =IF(D284="","",IF(COUNTIF('Periti SOL'!$A:$A,VALUE(D284))>0,IF(AH284="Calcolato","ERRORE: ID calcolato NON disponibile","OK - preesistente nei DB"),"OK")) -> OK | AJ284: =IF(D284="","",IF(LEFT(D284&"",1)=LEFT(C284&"",1),"OK","ERRORE: primo carattere diverso da TipoPerito")) -> OK
A285: 10304 | B285: =_xlfn.XLOOKUP(A285,'Part 1'!A:A,'Part 1'!B:B) -> 0 - PERSONA GIURIDICA | C285: =_xlfn.XLOOKUP(A285,'Part 1'!A:A,'Part 1'!C:C) -> 1 - AUTO | D285: =_xlfn.XLOOKUP(A285,'Part 1'!A:A,'Part 1'!D:D) -> 10304 | E285: {=_xlfn.XLOOKUP(A285,'Part 1'!$A$2:$A$4305,INDEX('Part 1'!$A$2:$AG$4305,0,MATCH(E$1,'Part 1'!$1:$1,0)))} -> 0 - NO | AH285: Preesistente | AI285: =IF(D285="","",IF(COUNTIF('Periti SOL'!$A:$A,VALUE(D285))>0,IF(AH285="Calcolato","ERRORE: ID calcolato NON disponibile","OK - preesistente nei DB"),"OK")) -> OK - preesistente nei DB | AJ285: =IF(D285="","",IF(LEFT(D285&"",1)=LEFT(C285&"",1),"OK","ERRORE: primo carattere diverso da TipoPerito")) -> OK
A286: 1032 | B286: =_xlfn.XLOOKUP(A286,'Part 1'!A:A,'Part 1'!B:B) -> 1 - PERSONA FISICA | C286: =_xlfn.XLOOKUP(A286,'Part 1'!A:A,'Part 1'!C:C) -> 5 - LEGALE | D286: 50155 | E286: {=_xlfn.XLOOKUP(A286,'Part 1'!$A$2:$A$4305,INDEX('Part 1'!$A$2:$AG$4305,0,MATCH(E$1,'Part 1'!$1:$1,0)))} -> 0 - NO | AH286: Calcolato | AI286: =IF(D286="","",IF(COUNTIF('Periti SOL'!$A:$A,VALUE(D286))>0,IF(AH286="Calcolato","ERRORE: ID calcolato NON disponibile","OK - preesistente nei DB"),"OK")) -> OK | AJ286: =IF(D286="","",IF(LEFT(D286&"",1)=LEFT(C286&"",1),"OK","ERRORE: primo carattere diverso da TipoPerito")) -> OK
A287: 1035 | B287: =_xlfn.XLOOKUP(A287,'Part 1'!A:A,'Part 1'!B:B) -> 1 - PERSONA FISICA | C287: =_xlfn.XLOOKUP(A287,'Part 1'!A:A,'Part 1'!C:C) -> 4 - MEDICO | D287: 40442 | E287: {=_xlfn.XLOOKUP(A287,'Part 1'!$A$2:$A$4305,INDEX('Part 1'!$A$2:$AG$4305,0,MATCH(E$1,'Part 1'!$1:$1,0)))} -> 0 - NO | AH287: Calcolato | AI287: =IF(D287="","",IF(COUNTIF('Periti SOL'!$A:$A,VALUE(D287))>0,IF(AH287="Calcolato","ERRORE: ID calcolato NON disponibile","OK - preesistente nei DB"),"OK")) -> OK | AJ287: =IF(D287="","",IF(LEFT(D287&"",1)=LEFT(C287&"",1),"OK","ERRORE: primo carattere diverso da TipoPerito")) -> OK
A288: 10356 | B288: =_xlfn.XLOOKUP(A288,'Part 1'!A:A,'Part 1'!B:B) -> 1 - PERSONA FISICA | C288: =_xlfn.XLOOKUP(A288,'Part 1'!A:A,'Part 1'!C:C) -> 1 - AUTO | D288: =_xlfn.XLOOKUP(A288,'Part 1'!A:A,'Part 1'!D:D) -> 10356 | E288: {=_xlfn.XLOOKUP(A288,'Part 1'!$A$2:$A$4305,INDEX('Part 1'!$A$2:$AG$4305,0,MATCH(E$1,'Part 1'!$1:$1,0)))} -> 0 - NO | AH288: Preesistente | AI288: =IF(D288="","",IF(COUNTIF('Periti SOL'!$A:$A,VALUE(D288))>0,IF(AH288="Calcolato","ERRORE: ID calcolato NON disponibile","OK - preesistente nei DB"),"OK")) -> OK - preesistente nei DB | AJ288: =IF(D288="","",IF(LEFT(D288&"",1)=LEFT(C288&"",1),"OK","ERRORE: primo carattere diverso da TipoPerito")) -> OK
A289: 1037 | B289: =_xlfn.XLOOKUP(A289,'Part 1'!A:A,'Part 1'!B:B) -> 0 - PERSONA GIURIDICA | C289: =_xlfn.XLOOKUP(A289,'Part 1'!A:A,'Part 1'!C:C) -> 1 - AUTO | D289: 10165 | E289: {=_xlfn.XLOOKUP(A289,'Part 1'!$A$2:$A$4305,INDEX('Part 1'!$A$2:$AG$4305,0,MATCH(E$1,'Part 1'!$1:$1,0)))} -> 0 - NO | AH289: Calcolato | AI289: =IF(D289="","",IF(COUNTIF('Periti SOL'!$A:$A,VALUE(D289))>0,IF(AH289="Calcolato","ERRORE: ID calcolato NON disponibile","OK - preesistente nei DB"),"OK")) -> OK | AJ289: =IF(D289="","",IF(LEFT(D289&"",1)=LEFT(C289&"",1),"OK","ERRORE: primo carattere diverso da TipoPerito")) -> OK
A290: 10370 | B290: =_xlfn.XLOOKUP(A290,'Part 1'!A:A,'Part 1'!B:B) -> 0 - PERSONA GIURIDICA | C290: =_xlfn.XLOOKUP(A290,'Part 1'!A:A,'Part 1'!C:C) -> 1 - AUTO | D290: =_xlfn.XLOOKUP(A290,'Part 1'!A:A,'Part 1'!D:D) -> 10370 | E290: {=_xlfn.XLOOKUP(A290,'Part 1'!$A$2:$A$4305,INDEX('Part 1'!$A$2:$AG$4305,0,MATCH(E$1,'Part 1'!$1:$1,0)))} -> 0 - NO | AH290: Preesistente | AI290: =IF(D290="","",IF(COUNTIF('Periti SOL'!$A:$A,VALUE(D290))>0,IF(AH290="Calcolato","ERRORE: ID calcolato NON disponibile","OK - preesistente nei DB"),"OK")) -> OK - preesistente nei DB | AJ290: =IF(D290="","",IF(LEFT(D290&"",1)=LEFT(C290&"",1),"OK","ERRORE: primo carattere diverso da TipoPerito")) -> OK
A291: 1040 | B291: =_xlfn.XLOOKUP(A291,'Part 1'!A:A,'Part 1'!B:B) -> 0 - PERSONA GIURIDICA | C291: =_xlfn.XLOOKUP(A291,'Part 1'!A:A,'Part 1'!C:C) -> 1 - AUTO | D291: 10166 | E291: {=_xlfn.XLOOKUP(A291,'Part 1'!$A$2:$A$4305,INDEX('Part 1'!$A$2:$AG$4305,0,MATCH(E$1,'Part 1'!$1:$1,0)))} -> 0 - NO | AH291: Calcolato | AI291: =IF(D291="","",IF(COUNTIF('Periti SOL'!$A:$A,VALUE(D291))>0,IF(AH291="Calcolato","ERRORE: ID calcolato NON disponibile","OK - preesistente nei DB"),"OK")) -> OK | AJ291: =IF(D291="","",IF(LEFT(D291&"",1)=LEFT(C291&"",1),"OK","ERRORE: primo carattere diverso da TipoPerito")) -> OK
A292: 1041 | B292: =_xlfn.XLOOKUP(A292,'Part 1'!A:A,'Part 1'!B:B) -> 0 - PERSONA GIURIDICA | C292: =_xlfn.XLOOKUP(A292,'Part 1'!A:A,'Part 1'!C:C) -> 1 - AUTO | D292: 10167 | E292: {=_xlfn.XLOOKUP(A292,'Part 1'!$A$2:$A$4305,INDEX('Part 1'!$A$2:$AG$4305,0,MATCH(E$1,'Part 1'!$1:$1,0)))} -> 0 - NO | AH292: Calcolato | AI292: =IF(D292="","",IF(COUNTIF('Periti SOL'!$A:$A,VALUE(D292))>0,IF(AH292="Calcolato","ERRORE: ID calcolato NON disponibile","OK - preesistente nei DB"),"OK")) -> OK | AJ292: =IF(D292="","",IF(LEFT(D292&"",1)=LEFT(C292&"",1),"OK","ERRORE: primo carattere diverso da TipoPerito")) -> OK
A293: 1043 | B293: =_xlfn.XLOOKUP(A293,'Part 1'!A:A,'Part 1'!B:B) -> 1 - PERSONA FISICA | C293: =_xlfn.XLOOKUP(A293,'Part 1'!A:A,'Part 1'!C:C) -> 4 - MEDICO | D293: 40477 | E293: {=_xlfn.XLOOKUP(A293,'Part 1'!$A$2:$A$4305,INDEX('Part 1'!$A$2:$AG$4305,0,MATCH(E$1,'Part 1'!$1:$1,0)))} -> 0 - NO | AH293: Calcolato | AI293: =IF(D293="","",IF(COUNTIF('Periti SOL'!$A:$A,VALUE(D293))>0,IF(AH293="Calcolato","ERRORE: ID calcolato NON disponibile","OK - preesistente nei DB"),"OK")) -> OK | AJ293: =IF(D293="","",IF(LEFT(D293&"",1)=LEFT(C293&"",1),"OK","ERRORE: primo carattere diverso da TipoPerito")) -> OK
A294: 10455 | B294: =_xlfn.XLOOKUP(A294,'Part 1'!A:A,'Part 1'!B:B) -> 1 - PERSONA FISICA | C294: =_xlfn.XLOOKUP(A294,'Part 1'!A:A,'Part 1'!C:C) -> 1 - AUTO | D294: =_xlfn.XLOOKUP(A294,'Part 1'!A:A,'Part 1'!D:D) -> 10455 | E294: {=_xlfn.XLOOKUP(A294,'Part 1'!$A$2:$A$4305,INDEX('Part 1'!$A$2:$AG$4305,0,MATCH(E$1,'Part 1'!$1:$1,0)))} -> 0 - NO | AH294: Preesistente | AI294: =IF(D294="","",IF(COUNTIF('Periti SOL'!$A:$A,VALUE(D294))>0,IF(AH294="Calcolato","ERRORE: ID calcolato NON disponibile","OK - preesistente nei DB"),"OK")) -> OK - preesistente nei DB | AJ294: =IF(D294="","",IF(LEFT(D294&"",1)=LEFT(C294&"",1),"OK","ERRORE: primo carattere diverso da TipoPerito")) -> OK
A295: 10493 | B295: =_xlfn.XLOOKUP(A295,'Part 1'!A:A,'Part 1'!B:B) -> 1 - PERSONA FISICA | C295: =_xlfn.XLOOKUP(A295,'Part 1'!A:A,'Part 1'!C:C) -> 1 - AUTO | D295: =_xlfn.XLOOKUP(A295,'Part 1'!A:A,'Part 1'!D:D) -> 10493 | E295: {=_xlfn.XLOOKUP(A295,'Part 1'!$A$2:$A$4305,INDEX('Part 1'!$A$2:$AG$4305,0,MATCH(E$1,'Part 1'!$1:$1,0)))} -> 0 - NO | AH295: Preesistente | AI295: =IF(D295="","",IF(COUNTIF('Periti SOL'!$A:$A,VALUE(D295))>0,IF(AH295="Calcolato","ERRORE: ID calcolato NON disponibile","OK - preesistente nei DB"),"OK")) -> OK - preesistente nei DB | AJ295: =IF(D295="","",IF(LEFT(D295&"",1)=LEFT(C295&"",1),"OK","ERRORE: primo carattere diverso da TipoPerito")) -> OK
A296: 10604 | B296: =_xlfn.XLOOKUP(A296,'Part 1'!A:A,'Part 1'!B:B) -> 0 - PERSONA GIURIDICA | C296: =_xlfn.XLOOKUP(A296,'Part 1'!A:A,'Part 1'!C:C) -> 1 - AUTO | D296: =_xlfn.XLOOKUP(A296,'Part 1'!A:A,'Part 1'!D:D) -> 10604 | E296: {=_xlfn.XLOOKUP(A296,'Part 1'!$A$2:$A$4305,INDEX('Part 1'!$A$2:$AG$4305,0,MATCH(E$1,'Part 1'!$1:$1,0)))} -> 0 - NO | AH296: Preesistente | AI296: =IF(D296="","",IF(COUNTIF('Periti SOL'!$A:$A,VALUE(D296))>0,IF(AH296="Calcolato","ERRORE: ID calcolato NON disponibile","OK - preesistente nei DB"),"OK")) -> OK - preesistente nei DB | AJ296: =IF(D296="","",IF(LEFT(D296&"",1)=LEFT(C296&"",1),"OK","ERRORE: primo carattere diverso da TipoPerito")) -> OK
A297: 1061 | B297: =_xlfn.XLOOKUP(A297,'Part 1'!A:A,'Part 1'!B:B) -> 0 - PERSONA GIURIDICA | C297: =_xlfn.XLOOKUP(A297,'Part 1'!A:A,'Part 1'!C:C) -> 3 - INVESTIGATORE/ACCERTATORE | D297: 30099 | E297: {=_xlfn.XLOOKUP(A297,'Part 1'!$A$2:$A$4305,INDEX('Part 1'!$A$2:$AG$4305,0,MATCH(E$1,'Part 1'!$1:$1,0)))} -> 0 - NO | AH297: Calcolato | AI297: =IF(D297="","",IF(COUNTIF('Periti SOL'!$A:$A,VALUE(D297))>0,IF(AH297="Calcolato","ERRORE: ID calcolato NON disponibile","OK - preesistente nei DB"),"OK")) -> OK | AJ297: =IF(D297="","",IF(LEFT(D297&"",1)=LEFT(C297&"",1),"OK","ERRORE: primo carattere diverso da TipoPerito")) -> OK
A298: 10648 | B298: =_xlfn.XLOOKUP(A298,'Part 1'!A:A,'Part 1'!B:B) -> 0 - PERSONA GIURIDICA | C298: =_xlfn.XLOOKUP(A298,'Part 1'!A:A,'Part 1'!C:C) -> 1 - AUTO | D298: =_xlfn.XLOOKUP(A298,'Part 1'!A:A,'Part 1'!D:D) -> 10648 | E298: {=_xlfn.XLOOKUP(A298,'Part 1'!$A$2:$A$4305,INDEX('Part 1'!$A$2:$AG$4305,0,MATCH(E$1,'Part 1'!$1:$1,0)))} -> 0 - NO | AH298: Preesistente | AI298: =IF(D298="","",IF(COUNTIF('Periti SOL'!$A:$A,VALUE(D298))>0,IF(AH298="Calcolato","ERRORE: ID calcolato NON disponibile","OK - preesistente nei DB"),"OK")) -> OK - preesistente nei DB | AJ298: =IF(D298="","",IF(LEFT(D298&"",1)=LEFT(C298&"",1),"OK","ERRORE: primo carattere diverso da TipoPerito")) -> OK
A299: 10659 | B299: =_xlfn.XLOOKUP(A299,'Part 1'!A:A,'Part 1'!B:B) -> 0 - PERSONA GIURIDICA | C299: =_xlfn.XLOOKUP(A299,'Part 1'!A:A,'Part 1'!C:C) -> 1 - AUTO | D299: =_xlfn.XLOOKUP(A299,'Part 1'!A:A,'Part 1'!D:D) -> 10659 | E299: {=_xlfn.XLOOKUP(A299,'Part 1'!$A$2:$A$4305,INDEX('Part 1'!$A$2:$AG$4305,0,MATCH(E$1,'Part 1'!$1:$1,0)))} -> 0 - NO | AH299: Preesistente | AI299: =IF(D299="","",IF(COUNTIF('Periti SOL'!$A:$A,VALUE(D299))>0,IF(AH299="Calcolato","ERRORE: ID calcolato NON disponibile","OK - preesistente nei DB"),"OK")) -> OK - preesistente nei DB | AJ299: =IF(D299="","",IF(LEFT(D299&"",1)=LEFT(C299&"",1),"OK","ERRORE: primo carattere diverso da TipoPerito")) -> OK
A300: 1067 | B300: =_xlfn.XLOOKUP(A300,'Part 1'!A:A,'Part 1'!B:B) -> 1 - PERSONA FISICA | C300: =_xlfn.XLOOKUP(A300,'Part 1'!A:A,'Part 1'!C:C) -> 3 - INVESTIGATORE/ACCERTATORE | D300: 30100 | E300: {=_xlfn.XLOOKUP(A300,'Part 1'!$A$2:$A$4305,INDEX('Part 1'!$A$2:$AG$4305,0,MATCH(E$1,'Part 1'!$1:$1,0)))} -> 0 - NO | AH300: Calcolato | AI300: =IF(D300="","",IF(COUNTIF('Periti SOL'!$A:$A,VALUE(D300))>0,IF(AH300="Calcolato","ERRORE: ID calcolato NON disponibile","OK - preesistente nei DB"),"OK")) -> OK | AJ300: =IF(D300="","",IF(LEFT(D300&"",1)=LEFT(C300&"",1),"OK","ERRORE: primo carattere diverso da TipoPerito")) -> OK
A301: 10674 | B301: =_xlfn.XLOOKUP(A301,'Part 1'!A:A,'Part 1'!B:B) -> 1 - PERSONA FISICA | C301: =_xlfn.XLOOKUP(A301,'Part 1'!A:A,'Part 1'!C:C) -> 1 - AUTO | D301: =_xlfn.XLOOKUP(A301,'Part 1'!A:A,'Part 1'!D:D) -> 10674 | E301: {=_xlfn.XLOOKUP(A301,'Part 1'!$A$2:$A$4305,INDEX('Part 1'!$A$2:$AG$4305,0,MATCH(E$1,'Part 1'!$1:$1,0)))} -> 0 - NO | AH301: Preesistente | AI301: =IF(D301="","",IF(COUNTIF('Periti SOL'!$A:$A,VALUE(D301))>0,IF(AH301="Calcolato","ERRORE: ID calcolato NON disponibile","OK - preesistente nei DB"),"OK")) -> OK - preesistente nei DB | AJ301: =IF(D301="","",IF(LEFT(D301&"",1)=LEFT(C301&"",1),"OK","ERRORE: primo carattere diverso da TipoPerito")) -> OK
A302: 1072 | B302: =_xlfn.XLOOKUP(A302,'Part 1'!A:A,'Part 1'!B:B) -> 1 - PERSONA FISICA | C302: =_xlfn.XLOOKUP(A302,'Part 1'!A:A,'Part 1'!C:C) -> 5 - LEGALE | D302: 50156 | E302: {=_xlfn.XLOOKUP(A302,'Part 1'!$A$2:$A$4305,INDEX('Part 1'!$A$2:$AG$4305,0,MATCH(E$1,'Part 1'!$1:$1,0)))} -> 0 - NO | AH302: Calcolato | AI302: =IF(D302="","",IF(COUNTIF('Periti SOL'!$A:$A,VALUE(D302))>0,IF(AH302="Calcolato","ERRORE: ID calcolato NON disponibile","OK - preesistente nei DB"),"OK")) -> OK | AJ302: =IF(D302="","",IF(LEFT(D302&"",1)=LEFT(C302&"",1),"OK","ERRORE: primo carattere diverso da TipoPerito")) -> OK
A303: 10754 | B303: =_xlfn.XLOOKUP(A303,'Part 1'!A:A,'Part 1'!B:B) -> 0 - PERSONA GIURIDICA | C303: =_xlfn.XLOOKUP(A303,'Part 1'!A:A,'Part 1'!C:C) -> 1 - AUTO | D303: =_xlfn.XLOOKUP(A303,'Part 1'!A:A,'Part 1'!D:D) -> 10754 | E303: {=_xlfn.XLOOKUP(A303,'Part 1'!$A$2:$A$4305,INDEX('Part 1'!$A$2:$AG$4305,0,MATCH(E$1,'Part 1'!$1:$1,0)))} -> 0 - NO | AH303: Preesistente | AI303: =IF(D303="","",IF(COUNTIF('Periti SOL'!$A:$A,VALUE(D303))>0,IF(AH303="Calcolato","ERRORE: ID calcolato NON disponibile","OK - preesistente nei DB"),"OK")) -> OK - preesistente nei DB | AJ303: =IF(D303="","",IF(LEFT(D303&"",1)=LEFT(C303&"",1),"OK","ERRORE: primo carattere diverso da TipoPerito")) -> OK
A304: 10756 | B304: =_xlfn.XLOOKUP(A304,'Part 1'!A:A,'Part 1'!B:B) -> 0 - PERSONA GIURIDICA | C304: =_xlfn.XLOOKUP(A304,'Part 1'!A:A,'Part 1'!C:C) -> 1 - AUTO | D304: =_xlfn.XLOOKUP(A304,'Part 1'!A:A,'Part 1'!D:D) -> 10756 | E304: {=_xlfn.XLOOKUP(A304,'Part 1'!$A$2:$A$4305,INDEX('Part 1'!$A$2:$AG$4305,0,MATCH(E$1,'Part 1'!$1:$1,0)))} -> 0 - NO | AH304: Preesistente | AI304: =IF(D304="","",IF(COUNTIF('Periti SOL'!$A:$A,VALUE(D304))>0,IF(AH304="Calcolato","ERRORE: ID calcolato NON disponibile","OK - preesistente nei DB"),"OK")) -> OK - preesistente nei DB | AJ304: =IF(D304="","",IF(LEFT(D304&"",1)=LEFT(C304&"",1),"OK","ERRORE: primo carattere diverso da TipoPerito")) -> OK
A305: 10761 | B305: =_xlfn.XLOOKUP(A305,'Part 1'!A:A,'Part 1'!B:B) -> 0 - PERSONA GIURIDICA | C305: =_xlfn.XLOOKUP(A305,'Part 1'!A:A,'Part 1'!C:C) -> 1 - AUTO | D305: =_xlfn.XLOOKUP(A305,'Part 1'!A:A,'Part 1'!D:D) -> 10761 | E305: {=_xlfn.XLOOKUP(A305,'Part 1'!$A$2:$A$4305,INDEX('Part 1'!$A$2:$AG$4305,0,MATCH(E$1,'Part 1'!$1:$1,0)))} -> 0 - NO | AH305: Preesistente | AI305: =IF(D305="","",IF(COUNTIF('Periti SOL'!$A:$A,VALUE(D305))>0,IF(AH305="Calcolato","ERRORE: ID calcolato NON disponibile","OK - preesistente nei DB"),"OK")) -> OK - preesistente nei DB | AJ305: =IF(D305="","",IF(LEFT(D305&"",1)=LEFT(C305&"",1),"OK","ERRORE: primo carattere diverso da TipoPerito")) -> OK
A306: 10769 | B306: =_xlfn.XLOOKUP(A306,'Part 1'!A:A,'Part 1'!B:B) -> 0 - PERSONA GIURIDICA | C306: =_xlfn.XLOOKUP(A306,'Part 1'!A:A,'Part 1'!C:C) -> 1 - AUTO | D306: =_xlfn.XLOOKUP(A306,'Part 1'!A:A,'Part 1'!D:D) -> 10769 | E306: {=_xlfn.XLOOKUP(A306,'Part 1'!$A$2:$A$4305,INDEX('Part 1'!$A$2:$AG$4305,0,MATCH(E$1,'Part 1'!$1:$1,0)))} -> 0 - NO | AH306: Preesistente | AI306: =IF(D306="","",IF(COUNTIF('Periti SOL'!$A:$A,VALUE(D306))>0,IF(AH306="Calcolato","ERRORE: ID calcolato NON disponibile","OK - preesistente nei DB"),"OK")) -> OK - preesistente nei DB | AJ306: =IF(D306="","",IF(LEFT(D306&"",1)=LEFT(C306&"",1),"OK","ERRORE: primo carattere diverso da TipoPerito")) -> OK
A307: 10778 | B307: =_xlfn.XLOOKUP(A307,'Part 1'!A:A,'Part 1'!B:B) -> 1 - PERSONA FISICA | C307: =_xlfn.XLOOKUP(A307,'Part 1'!A:A,'Part 1'!C:C) -> 1 - AUTO | D307: =_xlfn.XLOOKUP(A307,'Part 1'!A:A,'Part 1'!D:D) -> 10778 | E307: {=_xlfn.XLOOKUP(A307,'Part 1'!$A$2:$A$4305,INDEX('Part 1'!$A$2:$AG$4305,0,MATCH(E$1,'Part 1'!$1:$1,0)))} -> 0 - NO | AH307: Preesistente | AI307: =IF(D307="","",IF(COUNTIF('Periti SOL'!$A:$A,VALUE(D307))>0,IF(AH307="Calcolato","ERRORE: ID calcolato NON disponibile","OK - preesistente nei DB"),"OK")) -> OK - preesistente nei DB | AJ307: =IF(D307="","",IF(LEFT(D307&"",1)=LEFT(C307&"",1),"OK","ERRORE: primo carattere diverso da TipoPerito")) -> OK
A308: 10784 | B308: =_xlfn.XLOOKUP(A308,'Part 1'!A:A,'Part 1'!B:B) -> 1 - PERSONA FISICA | C308: =_xlfn.XLOOKUP(A308,'Part 1'!A:A,'Part 1'!C:C) -> 1 - AUTO | D308: =_xlfn.XLOOKUP(A308,'Part 1'!A:A,'Part 1'!D:D) -> 10784 | E308: {=_xlfn.XLOOKUP(A308,'Part 1'!$A$2:$A$4305,INDEX('Part 1'!$A$2:$AG$4305,0,MATCH(E$1,'Part 1'!$1:$1,0)))} -> 0 - NO | AH308: Preesistente | AI308: =IF(D308="","",IF(COUNTIF('Periti SOL'!$A:$A,VALUE(D308))>0,IF(AH308="Calcolato","ERRORE: ID calcolato NON disponibile","OK - preesistente nei DB"),"OK")) -> OK - preesistente nei DB | AJ308: =IF(D308="","",IF(LEFT(D308&"",1)=LEFT(C308&"",1),"OK","ERRORE: primo carattere diverso da TipoPerito")) -> OK
A309: 10785 | B309: =_xlfn.XLOOKUP(A309,'Part 1'!A:A,'Part 1'!B:B) -> 1 - PERSONA FISICA | C309: =_xlfn.XLOOKUP(A309,'Part 1'!A:A,'Part 1'!C:C) -> 1 - AUTO | D309: =_xlfn.XLOOKUP(A309,'Part 1'!A:A,'Part 1'!D:D) -> 10785 | E309: {=_xlfn.XLOOKUP(A309,'Part 1'!$A$2:$A$4305,INDEX('Part 1'!$A$2:$AG$4305,0,MATCH(E$1,'Part 1'!$1:$1,0)))} -> 0 - NO | AH309: Preesistente | AI309: =IF(D309="","",IF(COUNTIF('Periti SOL'!$A:$A,VALUE(D309))>0,IF(AH309="Calcolato","ERRORE: ID calcolato NON disponibile","OK - preesistente nei DB"),"OK")) -> OK - preesistente nei DB | AJ309: =IF(D309="","",IF(LEFT(D309&"",1)=LEFT(C309&"",1),"OK","ERRORE: primo carattere diverso da TipoPerito")) -> OK
A310: 10807 | B310: =_xlfn.XLOOKUP(A310,'Part 1'!A:A,'Part 1'!B:B) -> 0 - PERSONA GIURIDICA | C310: =_xlfn.XLOOKUP(A310,'Part 1'!A:A,'Part 1'!C:C) -> 1 - AUTO | D310: =_xlfn.XLOOKUP(A310,'Part 1'!A:A,'Part 1'!D:D) -> 10807 | E310: {=_xlfn.XLOOKUP(A310,'Part 1'!$A$2:$A$4305,INDEX('Part 1'!$A$2:$AG$4305,0,MATCH(E$1,'Part 1'!$1:$1,0)))} -> 0 - NO | AH310: Preesistente | AI310: =IF(D310="","",IF(COUNTIF('Periti SOL'!$A:$A,VALUE(D310))>0,IF(AH310="Calcolato","ERRORE: ID calcolato NON disponibile","OK - preesistente nei DB"),"OK")) -> OK - preesistente nei DB | AJ310: =IF(D310="","",IF(LEFT(D310&"",1)=LEFT(C310&"",1),"OK","ERRORE: primo carattere diverso da TipoPerito")) -> OK
A311: 10808 | B311: =_xlfn.XLOOKUP(A311,'Part 1'!A:A,'Part 1'!B:B) -> 1 - PERSONA FISICA | C311: =_xlfn.XLOOKUP(A311,'Part 1'!A:A,'Part 1'!C:C) -> 1 - AUTO | D311: =_xlfn.XLOOKUP(A311,'Part 1'!A:A,'Part 1'!D:D) -> 10808 | E311: {=_xlfn.XLOOKUP(A311,'Part 1'!$A$2:$A$4305,INDEX('Part 1'!$A$2:$AG$4305,0,MATCH(E$1,'Part 1'!$1:$1,0)))} -> 0 - NO | AH311: Preesistente | AI311: =IF(D311="","",IF(COUNTIF('Periti SOL'!$A:$A,VALUE(D311))>0,IF(AH311="Calcolato","ERRORE: ID calcolato NON disponibile","OK - preesistente nei DB"),"OK")) -> OK - preesistente nei DB | AJ311: =IF(D311="","",IF(LEFT(D311&"",1)=LEFT(C311&"",1),"OK","ERRORE: primo carattere diverso da TipoPerito")) -> OK
A312: 10811 | B312: =_xlfn.XLOOKUP(A312,'Part 1'!A:A,'Part 1'!B:B) -> 1 - PERSONA FISICA | C312: =_xlfn.XLOOKUP(A312,'Part 1'!A:A,'Part 1'!C:C) -> 1 - AUTO | D312: =_xlfn.XLOOKUP(A312,'Part 1'!A:A,'Part 1'!D:D) -> 10811 | E312: {=_xlfn.XLOOKUP(A312,'Part 1'!$A$2:$A$4305,INDEX('Part 1'!$A$2:$AG$4305,0,MATCH(E$1,'Part 1'!$1:$1,0)))} -> 0 - NO | AH312: Preesistente | AI312: =IF(D312="","",IF(COUNTIF('Periti SOL'!$A:$A,VALUE(D312))>0,IF(AH312="Calcolato","ERRORE: ID calcolato NON disponibile","OK - preesistente nei DB"),"OK")) -> OK - preesistente nei DB | AJ312: =IF(D312="","",IF(LEFT(D312&"",1)=LEFT(C312&"",1),"OK","ERRORE: primo carattere diverso da TipoPerito")) -> OK
A313: 10830 | B313: =_xlfn.XLOOKUP(A313,'Part 1'!A:A,'Part 1'!B:B) -> 1 - PERSONA FISICA | C313: =_xlfn.XLOOKUP(A313,'Part 1'!A:A,'Part 1'!C:C) -> 1 - AUTO | D313: =_xlfn.XLOOKUP(A313,'Part 1'!A:A,'Part 1'!D:D) -> 10830 | E313: {=_xlfn.XLOOKUP(A313,'Part 1'!$A$2:$A$4305,INDEX('Part 1'!$A$2:$AG$4305,0,MATCH(E$1,'Part 1'!$1:$1,0)))} -> 0 - NO | AH313: Preesistente | AI313: =IF(D313="","",IF(COUNTIF('Periti SOL'!$A:$A,VALUE(D313))>0,IF(AH313="Calcolato","ERRORE: ID calcolato NON disponibile","OK - preesistente nei DB"),"OK")) -> OK - preesistente nei DB | AJ313: =IF(D313="","",IF(LEFT(D313&"",1)=LEFT(C313&"",1),"OK","ERRORE: primo carattere diverso da TipoPerito")) -> OK
A314: 10831 | B314: =_xlfn.XLOOKUP(A314,'Part 1'!A:A,'Part 1'!B:B) -> 1 - PERSONA FISICA | C314: =_xlfn.XLOOKUP(A314,'Part 1'!A:A,'Part 1'!C:C) -> 1 - AUTO | D314: =_xlfn.XLOOKUP(A314,'Part 1'!A:A,'Part 1'!D:D) -> 10831 | E314: {=_xlfn.XLOOKUP(A314,'Part 1'!$A$2:$A$4305,INDEX('Part 1'!$A$2:$AG$4305,0,MATCH(E$1,'Part 1'!$1:$1,0)))} -> 0 - NO | AH314: Preesistente | AI314: =IF(D314="","",IF(COUNTIF('Periti SOL'!$A:$A,VALUE(D314))>0,IF(AH314="Calcolato","ERRORE: ID calcolato NON disponibile","OK - preesistente nei DB"),"OK")) -> OK - preesistente nei DB | AJ314: =IF(D314="","",IF(LEFT(D314&"",1)=LEFT(C314&"",1),"OK","ERRORE: primo carattere diverso da TipoPerito")) -> OK
... A358: 10998 | B358: =_xlfn.XLOOKUP(A358,'Part 1'!A:A,'Part 1'!B:B) -> 0 - PERSONA GIURIDICA | C358: =_xlfn.XLOOKUP(A358,'Part 1'!A:A,'Part 1'!C:C) -> 1 - AUTO | D358: =_xlfn.XLOOKUP(A358,'Part 1'!A:A,'Part 1'!D:D) -> 10998 | E358: {=_xlfn.XLOOKUP(A358,'Part 1'!$A$2:$A$4305,INDEX('Part 1'!$A$2:$AG$4305,0,MATCH(E$1,'Part 1'!$1:$1,0)))} -> 0 - NO | AH358: Preesistente | AI358: =IF(D358="","",IF(COUNTIF('Periti SOL'!$A:$A,VALUE(D358))>0,IF(AH358="Calcolato","ERRORE: ID calcolato NON disponibile","OK - preesistente nei DB"),"OK")) -> OK - preesistente nei DB | AJ358: =IF(D358="","",IF(LEFT(D358&"",1)=LEFT(C358&"",1),"OK","ERRORE: primo carattere diverso da TipoPerito")) -> OK
A359: 1100 | B359: =_xlfn.XLOOKUP(A359,'Part 1'!A:A,'Part 1'!B:B) -> 1 - PERSONA FISICA | C359: =_xlfn.XLOOKUP(A359,'Part 1'!A:A,'Part 1'!C:C) -> 1 - AUTO | D359: 10168 | E359: {=_xlfn.XLOOKUP(A359,'Part 1'!$A$2:$A$4305,INDEX('Part 1'!$A$2:$AG$4305,0,MATCH(E$1,'Part 1'!$1:$1,0)))} -> 0 - NO | AH359: Calcolato | AI359: =IF(D359="","",IF(COUNTIF('Periti SOL'!$A:$A,VALUE(D359))>0,IF(AH359="Calcolato","ERRORE: ID calcolato NON disponibile","OK - preesistente nei DB"),"OK")) -> OK | AJ359: =IF(D359="","",IF(LEFT(D359&"",1)=LEFT(C359&"",1),"OK","ERRORE: primo carattere diverso da TipoPerito")) -> OK
A360: 11000 | B360: =_xlfn.XLOOKUP(A360,'Part 1'!A:A,'Part 1'!B:B) -> 0 - PERSONA GIURIDICA | C360: =_xlfn.XLOOKUP(A360,'Part 1'!A:A,'Part 1'!C:C) -> 1 - AUTO | D360: =_xlfn.XLOOKUP(A360,'Part 1'!A:A,'Part 1'!D:D) -> 11000 | E360: {=_xlfn.XLOOKUP(A360,'Part 1'!$A$2:$A$4305,INDEX('Part 1'!$A$2:$AG$4305,0,MATCH(E$1,'Part 1'!$1:$1,0)))} -> 0 - NO | AH360: Preesistente | AI360: =IF(D360="","",IF(COUNTIF('Periti SOL'!$A:$A,VALUE(D360))>0,IF(AH360="Calcolato","ERRORE: ID calcolato NON disponibile","OK - preesistente nei DB"),"OK")) -> OK - preesistente nei DB | AJ360: =IF(D360="","",IF(LEFT(D360&"",1)=LEFT(C360&"",1),"OK","ERRORE: primo carattere diverso da TipoPerito")) -> OK
A361: 11006 | B361: =_xlfn.XLOOKUP(A361,'Part 1'!A:A,'Part 1'!B:B) -> 0 - PERSONA GIURIDICA | C361: =_xlfn.XLOOKUP(A361,'Part 1'!A:A,'Part 1'!C:C) -> 1 - AUTO | D361: =_xlfn.XLOOKUP(A361,'Part 1'!A:A,'Part 1'!D:D) -> 11006 | E361: {=_xlfn.XLOOKUP(A361,'Part 1'!$A$2:$A$4305,INDEX('Part 1'!$A$2:$AG$4305,0,MATCH(E$1,'Part 1'!$1:$1,0)))} -> 0 - NO | AH361: Preesistente | AI361: =IF(D361="","",IF(COUNTIF('Periti SOL'!$A:$A,VALUE(D361))>0,IF(AH361="Calcolato","ERRORE: ID calcolato NON disponibile","OK - preesistente nei DB"),"OK")) -> OK - preesistente nei DB | AJ361: =IF(D361="","",IF(LEFT(D361&"",1)=LEFT(C361&"",1),"OK","ERRORE: primo carattere diverso da TipoPerito")) -> OK
A362: 11007 | B362: =_xlfn.XLOOKUP(A362,'Part 1'!A:A,'Part 1'!B:B) -> 1 - PERSONA FISICA | C362: =_xlfn.XLOOKUP(A362,'Part 1'!A:A,'Part 1'!C:C) -> 1 - AUTO | D362: =_xlfn.XLOOKUP(A362,'Part 1'!A:A,'Part 1'!D:D) -> 11007 | E362: {=_xlfn.XLOOKUP(A362,'Part 1'!$A$2:$A$4305,INDEX('Part 1'!$A$2:$AG$4305,0,MATCH(E$1,'Part 1'!$1:$1,0)))} -> 0 - NO | AH362: Preesistente | AI362: =IF(D362="","",IF(COUNTIF('Periti SOL'!$A:$A,VALUE(D362))>0,IF(AH362="Calcolato","ERRORE: ID calcolato NON disponibile","OK - preesistente nei DB"),"OK")) -> OK - preesistente nei DB | AJ362: =IF(D362="","",IF(LEFT(D362&"",1)=LEFT(C362&"",1),"OK","ERRORE: primo carattere diverso da TipoPerito")) -> OK
A363: 11008 | B363: =_xlfn.XLOOKUP(A363,'Part 1'!A:A,'Part 1'!B:B) -> 1 - PERSONA FISICA | C363: =_xlfn.XLOOKUP(A363,'Part 1'!A:A,'Part 1'!C:C) -> 1 - AUTO | D363: =_xlfn.XLOOKUP(A363,'Part 1'!A:A,'Part 1'!D:D) -> 11008 | E363: {=_xlfn.XLOOKUP(A363,'Part 1'!$A$2:$A$4305,INDEX('Part 1'!$A$2:$AG$4305,0,MATCH(E$1,'Part 1'!$1:$1,0)))} -> 0 - NO | AH363: Preesistente | AI363: =IF(D363="","",IF(COUNTIF('Periti SOL'!$A:$A,VALUE(D363))>0,IF(AH363="Calcolato","ERRORE: ID calcolato NON disponibile","OK - preesistente nei DB"),"OK")) -> OK - preesistente nei DB | AJ363: =IF(D363="","",IF(LEFT(D363&"",1)=LEFT(C363&"",1),"OK","ERRORE: primo carattere diverso da TipoPerito")) -> OK
A364: 11009 | B364: =_xlfn.XLOOKUP(A364,'Part 1'!A:A,'Part 1'!B:B) -> 1 - PERSONA FISICA | C364: =_xlfn.XLOOKUP(A364,'Part 1'!A:A,'Part 1'!C:C) -> 1 - AUTO | D364: =_xlfn.XLOOKUP(A364,'Part 1'!A:A,'Part 1'!D:D) -> 11009 | E364: {=_xlfn.XLOOKUP(A364,'Part 1'!$A$2:$A$4305,INDEX('Part 1'!$A$2:$AG$4305,0,MATCH(E$1,'Part 1'!$1:$1,0)))} -> 0 - NO | AH364: Preesistente | AI364: =IF(D364="","",IF(COUNTIF('Periti SOL'!$A:$A,VALUE(D364))>0,IF(AH364="Calcolato","ERRORE: ID calcolato NON disponibile","OK - preesistente nei DB"),"OK")) -> OK - preesistente nei DB | AJ364: =IF(D364="","",IF(LEFT(D364&"",1)=LEFT(C364&"",1),"OK","ERRORE: primo carattere diverso da TipoPerito")) -> OK
A365: 1101 | B365: =_xlfn.XLOOKUP(A365,'Part 1'!A:A,'Part 1'!B:B) -> 1 - PERSONA FISICA | C365: =_xlfn.XLOOKUP(A365,'Part 1'!A:A,'Part 1'!C:C) -> 4 - MEDICO | D365: 40602 | E365: {=_xlfn.XLOOKUP(A365,'Part 1'!$A$2:$A$4305,INDEX('Part 1'!$A$2:$AG$4305,0,MATCH(E$1,'Part 1'!$1:$1,0)))} -> 0 - NO | AH365: Calcolato | AI365: =IF(D365="","",IF(COUNTIF('Periti SOL'!$A:$A,VALUE(D365))>0,IF(AH365="Calcolato","ERRORE: ID calcolato NON disponibile","OK - preesistente nei DB"),"OK")) -> OK | AJ365: =IF(D365="","",IF(LEFT(D365&"",1)=LEFT(C365&"",1),"OK","ERRORE: primo carattere diverso da TipoPerito")) -> OK
A366: 11010 | B366: =_xlfn.XLOOKUP(A366,'Part 1'!A:A,'Part 1'!B:B) -> 0 - PERSONA GIURIDICA | C366: =_xlfn.XLOOKUP(A366,'Part 1'!A:A,'Part 1'!C:C) -> 1 - AUTO | D366: =_xlfn.XLOOKUP(A366,'Part 1'!A:A,'Part 1'!D:D) -> 11010 | E366: {=_xlfn.XLOOKUP(A366,'Part 1'!$A$2:$A$4305,INDEX('Part 1'!$A$2:$AG$4305,0,MATCH(E$1,'Part 1'!$1:$1,0)))} -> 0 - NO | AH366: Preesistente | AI366: =IF(D366="","",IF(COUNTIF('Periti SOL'!$A:$A,VALUE(D366))>0,IF(AH366="Calcolato","ERRORE: ID calcolato NON disponibile","OK - preesistente nei DB"),"OK")) -> OK - preesistente nei DB | AJ366: =IF(D366="","",IF(LEFT(D366&"",1)=LEFT(C366&"",1),"OK","ERRORE: primo carattere diverso da TipoPerito")) -> OK
A367: 11012 | B367: =_xlfn.XLOOKUP(A367,'Part 1'!A:A,'Part 1'!B:B) -> 0 - PERSONA GIURIDICA | C367: =_xlfn.XLOOKUP(A367,'Part 1'!A:A,'Part 1'!C:C) -> 1 - AUTO | D367: =_xlfn.XLOOKUP(A367,'Part 1'!A:A,'Part 1'!D:D) -> 11012 | E367: {=_xlfn.XLOOKUP(A367,'Part 1'!$A$2:$A$4305,INDEX('Part 1'!$A$2:$AG$4305,0,MATCH(E$1,'Part 1'!$1:$1,0)))} -> 0 - NO | AH367: Preesistente | AI367: =IF(D367="","",IF(COUNTIF('Periti SOL'!$A:$A,VALUE(D367))>0,IF(AH367="Calcolato","ERRORE: ID calcolato NON disponibile","OK - preesistente nei DB"),"OK")) -> OK - preesistente nei DB | AJ367: =IF(D367="","",IF(LEFT(D367&"",1)=LEFT(C367&"",1),"OK","ERRORE: primo carattere diverso da TipoPerito")) -> OK
A368: 11014 | B368: =_xlfn.XLOOKUP(A368,'Part 1'!A:A,'Part 1'!B:B) -> 1 - PERSONA FISICA | C368: =_xlfn.XLOOKUP(A368,'Part 1'!A:A,'Part 1'!C:C) -> 1 - AUTO | D368: =_xlfn.XLOOKUP(A368,'Part 1'!A:A,'Part 1'!D:D) -> 11014 | E368: {=_xlfn.XLOOKUP(A368,'Part 1'!$A$2:$A$4305,INDEX('Part 1'!$A$2:$AG$4305,0,MATCH(E$1,'Part 1'!$1:$1,0)))} -> 0 - NO | AH368: Preesistente | AI368: =IF(D368="","",IF(COUNTIF('Periti SOL'!$A:$A,VALUE(D368))>0,IF(AH368="Calcolato","ERRORE: ID calcolato NON disponibile","OK - preesistente nei DB"),"OK")) -> OK - preesistente nei DB | AJ368: =IF(D368="","",IF(LEFT(D368&"",1)=LEFT(C368&"",1),"OK","ERRORE: primo carattere diverso da TipoPerito")) -> OK
A369: 11015 | B369: =_xlfn.XLOOKUP(A369,'Part 1'!A:A,'Part 1'!B:B) -> 0 - PERSONA GIURIDICA | C369: =_xlfn.XLOOKUP(A369,'Part 1'!A:A,'Part 1'!C:C) -> 1 - AUTO | D369: =_xlfn.XLOOKUP(A369,'Part 1'!A:A,'Part 1'!D:D) -> 11015 | E369: {=_xlfn.XLOOKUP(A369,'Part 1'!$A$2:$A$4305,INDEX('Part 1'!$A$2:$AG$4305,0,MATCH(E$1,'Part 1'!$1:$1,0)))} -> 0 - NO | AH369: Preesistente | AI369: =IF(D369="","",IF(COUNTIF('Periti SOL'!$A:$A,VALUE(D369))>0,IF(AH369="Calcolato","ERRORE: ID calcolato NON disponibile","OK - preesistente nei DB"),"OK")) -> OK - preesistente nei DB | AJ369: =IF(D369="","",IF(LEFT(D369&"",1)=LEFT(C369&"",1),"OK","ERRORE: primo carattere diverso da TipoPerito")) -> OK
A370: 11016 | B370: =_xlfn.XLOOKUP(A370,'Part 1'!A:A,'Part 1'!B:B) -> 0 - PERSONA GIURIDICA | C370: =_xlfn.XLOOKUP(A370,'Part 1'!A:A,'Part 1'!C:C) -> 1 - AUTO | D370: =_xlfn.XLOOKUP(A370,'Part 1'!A:A,'Part 1'!D:D) -> 11016 | E370: {=_xlfn.XLOOKUP(A370,'Part 1'!$A$2:$A$4305,INDEX('Part 1'!$A$2:$AG$4305,0,MATCH(E$1,'Part 1'!$1:$1,0)))} -> 0 - NO | AH370: Preesistente | AI370: =IF(D370="","",IF(COUNTIF('Periti SOL'!$A:$A,VALUE(D370))>0,IF(AH370="Calcolato","ERRORE: ID calcolato NON disponibile","OK - preesistente nei DB"),"OK")) -> OK - preesistente nei DB | AJ370: =IF(D370="","",IF(LEFT(D370&"",1)=LEFT(C370&"",1),"OK","ERRORE: primo carattere diverso da TipoPerito")) -> OK
A371: 11017 | B371: =_xlfn.XLOOKUP(A371,'Part 1'!A:A,'Part 1'!B:B) -> 0 - PERSONA GIURIDICA | C371: =_xlfn.XLOOKUP(A371,'Part 1'!A:A,'Part 1'!C:C) -> 1 - AUTO | D371: =_xlfn.XLOOKUP(A371,'Part 1'!A:A,'Part 1'!D:D) -> 11017 | E371: {=_xlfn.XLOOKUP(A371,'Part 1'!$A$2:$A$4305,INDEX('Part 1'!$A$2:$AG$4305,0,MATCH(E$1,'Part 1'!$1:$1,0)))} -> 0 - NO | AH371: Preesistente | AI371: =IF(D371="","",IF(COUNTIF('Periti SOL'!$A:$A,VALUE(D371))>0,IF(AH371="Calcolato","ERRORE: ID calcolato NON disponibile","OK - preesistente nei DB"),"OK")) -> OK - preesistente nei DB | AJ371: =IF(D371="","",IF(LEFT(D371&"",1)=LEFT(C371&"",1),"OK","ERRORE: primo carattere diverso da TipoPerito")) -> OK
A372: 11018 | B372: =_xlfn.XLOOKUP(A372,'Part 1'!A:A,'Part 1'!B:B) -> 1 - PERSONA FISICA | C372: =_xlfn.XLOOKUP(A372,'Part 1'!A:A,'Part 1'!C:C) -> 1 - AUTO | D372: =_xlfn.XLOOKUP(A372,'Part 1'!A:A,'Part 1'!D:D) -> 11018 | E372: {=_xlfn.XLOOKUP(A372,'Part 1'!$A$2:$A$4305,INDEX('Part 1'!$A$2:$AG$4305,0,MATCH(E$1,'Part 1'!$1:$1,0)))} -> 0 - NO | AH372: Preesistente | AI372: =IF(D372="","",IF(COUNTIF('Periti SOL'!$A:$A,VALUE(D372))>0,IF(AH372="Calcolato","ERRORE: ID calcolato NON disponibile","OK - preesistente nei DB"),"OK")) -> OK - preesistente nei DB | AJ372: =IF(D372="","",IF(LEFT(D372&"",1)=LEFT(C372&"",1),"OK","ERRORE: primo carattere diverso da TipoPerito")) -> OK
A373: 1103 | B373: =_xlfn.XLOOKUP(A373,'Part 1'!A:A,'Part 1'!B:B) -> 0 - PERSONA GIURIDICA | C373: =_xlfn.XLOOKUP(A373,'Part 1'!A:A,'Part 1'!C:C) -> 4 - MEDICO | D373: 40603 | E373: {=_xlfn.XLOOKUP(A373,'Part 1'!$A$2:$A$4305,INDEX('Part 1'!$A$2:$AG$4305,0,MATCH(E$1,'Part 1'!$1:$1,0)))} -> 0 - NO | AH373: Calcolato | AI373: =IF(D373="","",IF(COUNTIF('Periti SOL'!$A:$A,VALUE(D373))>0,IF(AH373="Calcolato","ERRORE: ID calcolato NON disponibile","OK - preesistente nei DB"),"OK")) -> OK | AJ373: =IF(D373="","",IF(LEFT(D373&"",1)=LEFT(C373&"",1),"OK","ERRORE: primo carattere diverso da TipoPerito")) -> OK
A374: 11032 | B374: =_xlfn.XLOOKUP(A374,'Part 1'!A:A,'Part 1'!B:B) -> 0 - PERSONA GIURIDICA | C374: =_xlfn.XLOOKUP(A374,'Part 1'!A:A,'Part 1'!C:C) -> 1 - AUTO | D374: =_xlfn.XLOOKUP(A374,'Part 1'!A:A,'Part 1'!D:D) -> 11032 | E374: {=_xlfn.XLOOKUP(A374,'Part 1'!$A$2:$A$4305,INDEX('Part 1'!$A$2:$AG$4305,0,MATCH(E$1,'Part 1'!$1:$1,0)))} -> 0 - NO | AH374: Preesistente | AI374: =IF(D374="","",IF(COUNTIF('Periti SOL'!$A:$A,VALUE(D374))>0,IF(AH374="Calcolato","ERRORE: ID calcolato NON disponibile","OK - preesistente nei DB"),"OK")) -> OK - preesistente nei DB | AJ374: =IF(D374="","",IF(LEFT(D374&"",1)=LEFT(C374&"",1),"OK","ERRORE: primo carattere diverso da TipoPerito")) -> OK
A375: 11033 | B375: =_xlfn.XLOOKUP(A375,'Part 1'!A:A,'Part 1'!B:B) -> 0 - PERSONA GIURIDICA | C375: =_xlfn.XLOOKUP(A375,'Part 1'!A:A,'Part 1'!C:C) -> 1 - AUTO | D375: =_xlfn.XLOOKUP(A375,'Part 1'!A:A,'Part 1'!D:D) -> 11033 | E375: {=_xlfn.XLOOKUP(A375,'Part 1'!$A$2:$A$4305,INDEX('Part 1'!$A$2:$AG$4305,0,MATCH(E$1,'Part 1'!$1:$1,0)))} -> 0 - NO | AH375: Preesistente | AI375: =IF(D375="","",IF(COUNTIF('Periti SOL'!$A:$A,VALUE(D375))>0,IF(AH375="Calcolato","ERRORE: ID calcolato NON disponibile","OK - preesistente nei DB"),"OK")) -> OK - preesistente nei DB | AJ375: =IF(D375="","",IF(LEFT(D375&"",1)=LEFT(C375&"",1),"OK","ERRORE: primo carattere diverso da TipoPerito")) -> OK
A376: 11034 | B376: =_xlfn.XLOOKUP(A376,'Part 1'!A:A,'Part 1'!B:B) -> 0 - PERSONA GIURIDICA | C376: =_xlfn.XLOOKUP(A376,'Part 1'!A:A,'Part 1'!C:C) -> 1 - AUTO | D376: =_xlfn.XLOOKUP(A376,'Part 1'!A:A,'Part 1'!D:D) -> 11034 | E376: {=_xlfn.XLOOKUP(A376,'Part 1'!$A$2:$A$4305,INDEX('Part 1'!$A$2:$AG$4305,0,MATCH(E$1,'Part 1'!$1:$1,0)))} -> 0 - NO | AH376: Preesistente | AI376: =IF(D376="","",IF(COUNTIF('Periti SOL'!$A:$A,VALUE(D376))>0,IF(AH376="Calcolato","ERRORE: ID calcolato NON disponibile","OK - preesistente nei DB"),"OK")) -> OK - preesistente nei DB | AJ376: =IF(D376="","",IF(LEFT(D376&"",1)=LEFT(C376&"",1),"OK","ERRORE: primo carattere diverso da TipoPerito")) -> OK
A377: 11036 | B377: =_xlfn.XLOOKUP(A377,'Part 1'!A:A,'Part 1'!B:B) -> 0 - PERSONA GIURIDICA | C377: =_xlfn.XLOOKUP(A377,'Part 1'!A:A,'Part 1'!C:C) -> 1 - AUTO | D377: =_xlfn.XLOOKUP(A377,'Part 1'!A:A,'Part 1'!D:D) -> 11036 | E377: {=_xlfn.XLOOKUP(A377,'Part 1'!$A$2:$A$4305,INDEX('Part 1'!$A$2:$AG$4305,0,MATCH(E$1,'Part 1'!$1:$1,0)))} -> 0 - NO | AH377: Preesistente | AI377: =IF(D377="","",IF(COUNTIF('Periti SOL'!$A:$A,VALUE(D377))>0,IF(AH377="Calcolato","ERRORE: ID calcolato NON disponibile","OK - preesistente nei DB"),"OK")) -> OK - preesistente nei DB | AJ377: =IF(D377="","",IF(LEFT(D377&"",1)=LEFT(C377&"",1),"OK","ERRORE: primo carattere diverso da TipoPerito")) -> OK
A378: 11037 | B378: =_xlfn.XLOOKUP(A378,'Part 1'!A:A,'Part 1'!B:B) -> 0 - PERSONA GIURIDICA | C378: =_xlfn.XLOOKUP(A378,'Part 1'!A:A,'Part 1'!C:C) -> 1 - AUTO | D378: =_xlfn.XLOOKUP(A378,'Part 1'!A:A,'Part 1'!D:D) -> 11037 | E378: {=_xlfn.XLOOKUP(A378,'Part 1'!$A$2:$A$4305,INDEX('Part 1'!$A$2:$AG$4305,0,MATCH(E$1,'Part 1'!$1:$1,0)))} -> 0 - NO | AH378: Preesistente | AI378: =IF(D378="","",IF(COUNTIF('Periti SOL'!$A:$A,VALUE(D378))>0,IF(AH378="Calcolato","ERRORE: ID calcolato NON disponibile","OK - preesistente nei DB"),"OK")) -> OK - preesistente nei DB | AJ378: =IF(D378="","",IF(LEFT(D378&"",1)=LEFT(C378&"",1),"OK","ERRORE: primo carattere diverso da TipoPerito")) -> OK
A379: 11037165 | B379: =_xlfn.XLOOKUP(A379,'Part 1'!A:A,'Part 1'!B:B) -> 0 - PERSONA GIURIDICA | C379: =_xlfn.XLOOKUP(A379,'Part 1'!A:A,'Part 1'!C:C) -> 2 - RE | D379: 20046 | E379: {=_xlfn.XLOOKUP(A379,'Part 1'!$A$2:$A$4305,INDEX('Part 1'!$A$2:$AG$4305,0,MATCH(E$1,'Part 1'!$1:$1,0)))} -> 0 - NO | AH379: Calcolato | AI379: =IF(D379="","",IF(COUNTIF('Periti SOL'!$A:$A,VALUE(D379))>0,IF(AH379="Calcolato","ERRORE: ID calcolato NON disponibile","OK - preesistente nei DB"),"OK")) -> OK | AJ379: =IF(D379="","",IF(LEFT(D379&"",1)=LEFT(C379&"",1),"OK","ERRORE: primo carattere diverso da TipoPerito")) -> OK
A380: 11038 | B380: =_xlfn.XLOOKUP(A380,'Part 1'!A:A,'Part 1'!B:B) -> 0 - PERSONA GIURIDICA | C380: =_xlfn.XLOOKUP(A380,'Part 1'!A:A,'Part 1'!C:C) -> 1 - AUTO | D380: =_xlfn.XLOOKUP(A380,'Part 1'!A:A,'Part 1'!D:D) -> 11038 | E380: {=_xlfn.XLOOKUP(A380,'Part 1'!$A$2:$A$4305,INDEX('Part 1'!$A$2:$AG$4305,0,MATCH(E$1,'Part 1'!$1:$1,0)))} -> 0 - NO | AH380: Preesistente | AI380: =IF(D380="","",IF(COUNTIF('Periti SOL'!$A:$A,VALUE(D380))>0,IF(AH380="Calcolato","ERRORE: ID calcolato NON disponibile","OK - preesistente nei DB"),"OK")) -> OK - preesistente nei DB | AJ380: =IF(D380="","",IF(LEFT(D380&"",1)=LEFT(C380&"",1),"OK","ERRORE: primo carattere diverso da TipoPerito")) -> OK
A381: 11044 | B381: =_xlfn.XLOOKUP(A381,'Part 1'!A:A,'Part 1'!B:B) -> 0 - PERSONA GIURIDICA | C381: =_xlfn.XLOOKUP(A381,'Part 1'!A:A,'Part 1'!C:C) -> 1 - AUTO | D381: =_xlfn.XLOOKUP(A381,'Part 1'!A:A,'Part 1'!D:D) -> 11044 | E381: {=_xlfn.XLOOKUP(A381,'Part 1'!$A$2:$A$4305,INDEX('Part 1'!$A$2:$AG$4305,0,MATCH(E$1,'Part 1'!$1:$1,0)))} -> 0 - NO | AH381: Preesistente | AI381: =IF(D381="","",IF(COUNTIF('Periti SOL'!$A:$A,VALUE(D381))>0,IF(AH381="Calcolato","ERRORE: ID calcolato NON disponibile","OK - preesistente nei DB"),"OK")) -> OK - preesistente nei DB | AJ381: =IF(D381="","",IF(LEFT(D381&"",1)=LEFT(C381&"",1),"OK","ERRORE: primo carattere diverso da TipoPerito")) -> OK
A382: 11045 | B382: =_xlfn.XLOOKUP(A382,'Part 1'!A:A,'Part 1'!B:B) -> 0 - PERSONA GIURIDICA | C382: =_xlfn.XLOOKUP(A382,'Part 1'!A:A,'Part 1'!C:C) -> 1 - AUTO | D382: =_xlfn.XLOOKUP(A382,'Part 1'!A:A,'Part 1'!D:D) -> 11045 | E382: {=_xlfn.XLOOKUP(A382,'Part 1'!$A$2:$A$4305,INDEX('Part 1'!$A$2:$AG$4305,0,MATCH(E$1,'Part 1'!$1:$1,0)))} -> 0 - NO | AH382: Preesistente | AI382: =IF(D382="","",IF(COUNTIF('Periti SOL'!$A:$A,VALUE(D382))>0,IF(AH382="Calcolato","ERRORE: ID calcolato NON disponibile","OK - preesistente nei DB"),"OK")) -> OK - preesistente nei DB | AJ382: =IF(D382="","",IF(LEFT(D382&"",1)=LEFT(C382&"",1),"OK","ERRORE: primo carattere diverso da TipoPerito")) -> OK
A383: 11046 | B383: =_xlfn.XLOOKUP(A383,'Part 1'!A:A,'Part 1'!B:B) -> 1 - PERSONA FISICA | C383: =_xlfn.XLOOKUP(A383,'Part 1'!A:A,'Part 1'!C:C) -> 1 - AUTO | D383: =_xlfn.XLOOKUP(A383,'Part 1'!A:A,'Part 1'!D:D) -> 11046 | E383: {=_xlfn.XLOOKUP(A383,'Part 1'!$A$2:$A$4305,INDEX('Part 1'!$A$2:$AG$4305,0,MATCH(E$1,'Part 1'!$1:$1,0)))} -> 0 - NO | AH383: Preesistente | AI383: =IF(D383="","",IF(COUNTIF('Periti SOL'!$A:$A,VALUE(D383))>0,IF(AH383="Calcolato","ERRORE: ID calcolato NON disponibile","OK - preesistente nei DB"),"OK")) -> OK - preesistente nei DB | AJ383: =IF(D383="","",IF(LEFT(D383&"",1)=LEFT(C383&"",1),"OK","ERRORE: primo carattere diverso da TipoPerito")) -> OK
A384: 11048 | B384: =_xlfn.XLOOKUP(A384,'Part 1'!A:A,'Part 1'!B:B) -> 1 - PERSONA FISICA | C384: =_xlfn.XLOOKUP(A384,'Part 1'!A:A,'Part 1'!C:C) -> 1 - AUTO | D384: =_xlfn.XLOOKUP(A384,'Part 1'!A:A,'Part 1'!D:D) -> 11048 | E384: {=_xlfn.XLOOKUP(A384,'Part 1'!$A$2:$A$4305,INDEX('Part 1'!$A$2:$AG$4305,0,MATCH(E$1,'Part 1'!$1:$1,0)))} -> 0 - NO | AH384: Preesistente | AI384: =IF(D384="","",IF(COUNTIF('Periti SOL'!$A:$A,VALUE(D384))>0,IF(AH384="Calcolato","ERRORE: ID calcolato NON disponibile","OK - preesistente nei DB"),"OK")) -> OK - preesistente nei DB | AJ384: =IF(D384="","",IF(LEFT(D384&"",1)=LEFT(C384&"",1),"OK","ERRORE: primo carattere diverso da TipoPerito")) -> OK
A385: 1105 | B385: =_xlfn.XLOOKUP(A385,'Part 1'!A:A,'Part 1'!B:B) -> 1 - PERSONA FISICA | C385: =_xlfn.XLOOKUP(A385,'Part 1'!A:A,'Part 1'!C:C) -> 4 - MEDICO | D385: 40604 | E385: {=_xlfn.XLOOKUP(A385,'Part 1'!$A$2:$A$4305,INDEX('Part 1'!$A$2:$AG$4305,0,MATCH(E$1,'Part 1'!$1:$1,0)))} -> 0 - NO | AH385: Calcolato | AI385: =IF(D385="","",IF(COUNTIF('Periti SOL'!$A:$A,VALUE(D385))>0,IF(AH385="Calcolato","ERRORE: ID calcolato NON disponibile","OK - preesistente nei DB"),"OK")) -> OK | AJ385: =IF(D385="","",IF(LEFT(D385&"",1)=LEFT(C385&"",1),"OK","ERRORE: primo carattere diverso da TipoPerito")) -> OK
A386: 11056 | B386: =_xlfn.XLOOKUP(A386,'Part 1'!A:A,'Part 1'!B:B) -> 1 - PERSONA FISICA | C386: =_xlfn.XLOOKUP(A386,'Part 1'!A:A,'Part 1'!C:C) -> 1 - AUTO | D386: =_xlfn.XLOOKUP(A386,'Part 1'!A:A,'Part 1'!D:D) -> 11056 | E386: {=_xlfn.XLOOKUP(A386,'Part 1'!$A$2:$A$4305,INDEX('Part 1'!$A$2:$AG$4305,0,MATCH(E$1,'Part 1'!$1:$1,0)))} -> 0 - NO | AH386: Preesistente | AI386: =IF(D386="","",IF(COUNTIF('Periti SOL'!$A:$A,VALUE(D386))>0,IF(AH386="Calcolato","ERRORE: ID calcolato NON disponibile","OK - preesistente nei DB"),"OK")) -> OK - preesistente nei DB | AJ386: =IF(D386="","",IF(LEFT(D386&"",1)=LEFT(C386&"",1),"OK","ERRORE: primo carattere diverso da TipoPerito")) -> OK
A387: 11057 | B387: =_xlfn.XLOOKUP(A387,'Part 1'!A:A,'Part 1'!B:B) -> 0 - PERSONA GIURIDICA | C387: =_xlfn.XLOOKUP(A387,'Part 1'!A:A,'Part 1'!C:C) -> 1 - AUTO | D387: =_xlfn.XLOOKUP(A387,'Part 1'!A:A,'Part 1'!D:D) -> 11057 | E387: {=_xlfn.XLOOKUP(A387,'Part 1'!$A$2:$A$4305,INDEX('Part 1'!$A$2:$AG$4305,0,MATCH(E$1,'Part 1'!$1:$1,0)))} -> 0 - NO | AH387: Preesistente | AI387: =IF(D387="","",IF(COUNTIF('Periti SOL'!$A:$A,VALUE(D387))>0,IF(AH387="Calcolato","ERRORE: ID calcolato NON disponibile","OK - preesistente nei DB"),"OK")) -> OK - preesistente nei DB | AJ387: =IF(D387="","",IF(LEFT(D387&"",1)=LEFT(C387&"",1),"OK","ERRORE: primo carattere diverso da TipoPerito")) -> OK
A388: 11059 | B388: =_xlfn.XLOOKUP(A388,'Part 1'!A:A,'Part 1'!B:B) -> 0 - PERSONA GIURIDICA | C388: =_xlfn.XLOOKUP(A388,'Part 1'!A:A,'Part 1'!C:C) -> 1 - AUTO | D388: =_xlfn.XLOOKUP(A388,'Part 1'!A:A,'Part 1'!D:D) -> 11059 | E388: {=_xlfn.XLOOKUP(A388,'Part 1'!$A$2:$A$4305,INDEX('Part 1'!$A$2:$AG$4305,0,MATCH(E$1,'Part 1'!$1:$1,0)))} -> 0 - NO | AH388: Preesistente | AI388: =IF(D388="","",IF(COUNTIF('Periti SOL'!$A:$A,VALUE(D388))>0,IF(AH388="Calcolato","ERRORE: ID calcolato NON disponibile","OK - preesistente nei DB"),"OK")) -> OK - preesistente nei DB | AJ388: =IF(D388="","",IF(LEFT(D388&"",1)=LEFT(C388&"",1),"OK","ERRORE: primo carattere diverso da TipoPerito")) -> OK
A389: 11067 | B389: =_xlfn.XLOOKUP(A389,'Part 1'!A:A,'Part 1'!B:B) -> 1 - PERSONA FISICA | C389: =_xlfn.XLOOKUP(A389,'Part 1'!A:A,'Part 1'!C:C) -> 1 - AUTO | D389: =_xlfn.XLOOKUP(A389,'Part 1'!A:A,'Part 1'!D:D) -> 11067 | E389: {=_xlfn.XLOOKUP(A389,'Part 1'!$A$2:$A$4305,INDEX('Part 1'!$A$2:$AG$4305,0,MATCH(E$1,'Part 1'!$1:$1,0)))} -> 0 - NO | AH389: Preesistente | AI389: =IF(D389="","",IF(COUNTIF('Periti SOL'!$A:$A,VALUE(D389))>0,IF(AH389="Calcolato","ERRORE: ID calcolato NON disponibile","OK - preesistente nei DB"),"OK")) -> OK - preesistente nei DB | AJ389: =IF(D389="","",IF(LEFT(D389&"",1)=LEFT(C389&"",1),"OK","ERRORE: primo carattere diverso da TipoPerito")) -> OK
A390: 11068 | B390: =_xlfn.XLOOKUP(A390,'Part 1'!A:A,'Part 1'!B:B) -> 0 - PERSONA GIURIDICA | C390: =_xlfn.XLOOKUP(A390,'Part 1'!A:A,'Part 1'!C:C) -> 1 - AUTO | D390: =_xlfn.XLOOKUP(A390,'Part 1'!A:A,'Part 1'!D:D) -> 11068 | E390: {=_xlfn.XLOOKUP(A390,'Part 1'!$A$2:$A$4305,INDEX('Part 1'!$A$2:$AG$4305,0,MATCH(E$1,'Part 1'!$1:$1,0)))} -> 0 - NO | AH390: Preesistente | AI390: =IF(D390="","",IF(COUNTIF('Periti SOL'!$A:$A,VALUE(D390))>0,IF(AH390="Calcolato","ERRORE: ID calcolato NON disponibile","OK - preesistente nei DB"),"OK")) -> OK - preesistente nei DB | AJ390: =IF(D390="","",IF(LEFT(D390&"",1)=LEFT(C390&"",1),"OK","ERRORE: primo carattere diverso da TipoPerito")) -> OK
A391: 11069789 | B391: =_xlfn.XLOOKUP(A391,'Part 1'!A:A,'Part 1'!B:B) -> 0 - PERSONA GIURIDICA | C391: =_xlfn.XLOOKUP(A391,'Part 1'!A:A,'Part 1'!C:C) -> 2 - RE | D391: 20048 | E391: {=_xlfn.XLOOKUP(A391,'Part 1'!$A$2:$A$4305,INDEX('Part 1'!$A$2:$AG$4305,0,MATCH(E$1,'Part 1'!$1:$1,0)))} -> 0 - NO | AH391: Calcolato | AI391: =IF(D391="","",IF(COUNTIF('Periti SOL'!$A:$A,VALUE(D391))>0,IF(AH391="Calcolato","ERRORE: ID calcolato NON disponibile","OK - preesistente nei DB"),"OK")) -> OK | AJ391: =IF(D391="","",IF(LEFT(D391&"",1)=LEFT(C391&"",1),"OK","ERRORE: primo carattere diverso da TipoPerito")) -> OK
A392: 11070 | B392: =_xlfn.XLOOKUP(A392,'Part 1'!A:A,'Part 1'!B:B) -> 0 - PERSONA GIURIDICA | C392: =_xlfn.XLOOKUP(A392,'Part 1'!A:A,'Part 1'!C:C) -> 1 - AUTO | D392: =_xlfn.XLOOKUP(A392,'Part 1'!A:A,'Part 1'!D:D) -> 11070 | E392: {=_xlfn.XLOOKUP(A392,'Part 1'!$A$2:$A$4305,INDEX('Part 1'!$A$2:$AG$4305,0,MATCH(E$1,'Part 1'!$1:$1,0)))} -> 0 - NO | AH392: Preesistente | AI392: =IF(D392="","",IF(COUNTIF('Periti SOL'!$A:$A,VALUE(D392))>0,IF(AH392="Calcolato","ERRORE: ID calcolato NON disponibile","OK - preesistente nei DB"),"OK")) -> OK - preesistente nei DB | AJ392: =IF(D392="","",IF(LEFT(D392&"",1)=LEFT(C392&"",1),"OK","ERRORE: primo carattere diverso da TipoPerito")) -> OK
A393: 11071 | B393: =_xlfn.XLOOKUP(A393,'Part 1'!A:A,'Part 1'!B:B) -> 0 - PERSONA GIURIDICA | C393: =_xlfn.XLOOKUP(A393,'Part 1'!A:A,'Part 1'!C:C) -> 1 - AUTO | D393: =_xlfn.XLOOKUP(A393,'Part 1'!A:A,'Part 1'!D:D) -> 11071 | E393: {=_xlfn.XLOOKUP(A393,'Part 1'!$A$2:$A$4305,INDEX('Part 1'!$A$2:$AG$4305,0,MATCH(E$1,'Part 1'!$1:$1,0)))} -> 0 - NO | AH393: Preesistente | AI393: =IF(D393="","",IF(COUNTIF('Periti SOL'!$A:$A,VALUE(D393))>0,IF(AH393="Calcolato","ERRORE: ID calcolato NON disponibile","OK - preesistente nei DB"),"OK")) -> OK - preesistente nei DB | AJ393: =IF(D393="","",IF(LEFT(D393&"",1)=LEFT(C393&"",1),"OK","ERRORE: primo carattere diverso da TipoPerito")) -> OK
...

Sheet Periti SOL
A1: ID PERITO NON DISPONIBILE (MERGE PROD+PREPROD) | B1: In_PROD | C1: In_PREPROD
A2: 10000 | B2: SI | C2: SI
A3: 10009 | B3: SI | C3: SI
A4: 10010 | B4: SI | C4: SI
A5: 10012 | B5: SI | C5: SI
A6: 10015 | B6: SI | C6: SI
A7: 10016 | B7: SI | C7: SI
A8: 10021 | B8: SI | C8: SI
A9: 10022 | B9: SI | C9: SI
A10: 10028 | B10: SI | C10: SI
A11: 10031 | B11: SI | C11: SI
A12: 10039 | B12: SI | C12: SI
A13: 10040 | B13: SI | C13: SI
... A3164: 51352 | B3164: SI | C3164: SI
A3165: 51353 | B3165: SI
A3166: 51354 | B3166: SI
A3167: 60000 | B3167: SI | C3167: SI
A3168: 60001 | B3168: SI | C3168: SI
A3169: 60002 | B3169: SI | C3169: SI
A3170: 60003 | B3170: SI | C3170: SI
A3171: 60004 | B3171: SI | C3171: SI
A3172: 60005 | B3172: SI | C3172: SI
A3173: 60006 | B3173: SI | C3173: SI
A3174: 60007 | B3174: SI | C3174: SI
A3175: 60008 | B3175: SI | C3175: SI
A3176: 60009 | B3176: SI | C3176: SI
A3177: 60010 | B3177: SI | C3177: SI
A3178: 60011 | B3178: SI | C3178: SI
... A5152: 62852 | B5152: SI | C5152: SI
A5153: 62853 | B5153: SI
A5154: 62854 | B5154: SI | C5154: SI
A5155: 62855 | B5155: SI | C5155: SI
A5156: 62856 | B5156: SI | C5156: SI
A5157: 62857 | B5157: SI | C5157: SI
A5158: 62858 | B5158: SI | C5158: SI
A5159: 62859 | B5159: SI
A5160: 62861 | B5160: SI
A5161: 62862 | B5161: SI
A5162: 62863 | B5162: SI
A5163: 62867 | B5163: SI
A5164: 65129 | B5164: SI | C5164: SI
A5165: 66000 | B5165: SI | C5165: SI
A5166: 66001 | B5166: SI | C5166: SI
A5167: 66002 | B5167: SI | C5167: SI
A5168: 66003 | B5168: SI | C5168: SI
A5169: 66004 | B5169: SI | C5169: SI
A5170: 66005 | B5170: SI | C5170: SI
A5171: 66006 | B5171: SI | C5171: SI
A5172: 66007 | B5172: SI | C5172: SI
A5173: 66008 | B5173: SI | C5173: SI
A5174: 66009 | B5174: SI | C5174: SI
A5175: 66010 | B5175: SI | C5175: SI
... A5734: 66578 | B5734: SI | C5734: SI
A5735: 66579 | B5735: SI
A5736: 66580 | B5736: SI
A5737: 66838 | B5737: SI | C5737: SI
A5738: 66841 | B5738: SI | C5738: SI
A5739: 66843 | B5739: SI | C5739: SI
A5740: 66846 | B5740: SI | C5740: SI
A5741: 66850 | B5741: SI | C5741: SI
A5742: 66851 | B5742: SI | C5742: SI
A5743: 66853 | B5743: SI | C5743: SI
A5744: 66854 | B5744: SI | C5744: SI
A5745: 66855 | B5745: SI | C5745: SI
A5746: 66856 | B5746: SI | C5746: SI
A5747: 66861 | B5747: SI | C5747: SI
A5748: 66862 | B5748: SI | C5748: SI
... A7151: 69756 | B7151: SI | C7151: SI
A7152: 69757 | B7152: SI
A7153: 70057 | B7153: SI | C7153: SI
A7154: 70064 | B7154: SI | C7154: SI
A7155: 70086 | B7155: SI | C7155: SI
A7156: 70089 | B7156: SI | C7156: SI
A7157: 70232 | B7157: SI | C7157: SI
A7158: 70241 | B7158: SI | C7158: SI
A7159: 70249 | B7159: SI | C7159: SI
A7160: 70347 | B7160: SI | C7160: SI
A7161: 70351 | B7161: SI | C7161: SI
A7162: 70384 | B7162: SI | C7162: SI
A7163: 70462 | B7163: SI | C7163: SI
A7164: 70581 | B7164: SI | C7164: SI
... A7198: 81189 | B7198: SI | C7198: SI
